{
  "type": "FeatureCollection",
  "generator": "IDR OpenStreetMap Extractor",
  "features": [
    {
      "type": "Feature",
      "id": 22841970,
      "properties": {
        "name": "NH566D",
        "ref": "NH566D",
        "highway": "trunk",
        "bridge": "no",
        "tunnel": "no",
        "layer": "0",
        "lanes": "2",
        "maxspeed": "60",
        "oneway": "yes"
      },
      "geometry": {
        "type": "LineString",
        "coordinates": [
          [
            73.2882811,
            18.7941618,
            0.0
          ],
          [
            73.288474,
            18.7942655,
            0.0
          ],
          [
            73.288515,
            18.7942876,
            0.0
          ],
          [
            73.28878,
            18.79443,
            0.0
          ],
          [
            73.28917,
            18.79456,
            0.0
          ],
          [
            73.2895811,
            18.7946572,
            0.0
          ]
        ]
      }
    },
    {
      "type": "Feature",
      "id": 22841971,
      "properties": {
        "name": "NH566D",
        "ref": "NH566D",
        "highway": "trunk",
        "bridge": "no",
        "tunnel": "no",
        "layer": "0",
        "lanes": "2",
        "maxspeed": "60",
        "oneway": "no"
      },
      "geometry": {
        "type": "LineString",
        "coordinates": [
          [
            73.292603,
            18.7960138,
            0.0
          ],
          [
            73.2927687,
            18.7966908,
            0.0
          ],
          [
            73.2929045,
            18.7972453,
            0.0
          ],
          [
            73.2932049,
            18.7985047,
            0.0
          ],
          [
            73.2933175,
            18.7988487,
            0.0
          ],
          [
            73.2933818,
            18.7989451,
            0.0
          ],
          [
            73.2935113,
            18.7991392,
            0.0
          ],
          [
            73.2937229,
            18.7992833,
            0.0
          ],
          [
            73.294105,
            18.7994378,
            0.0
          ],
          [
            73.2943582,
            18.7995194,
            0.0
          ],
          [
            73.2952276,
            18.7997996,
            0.0
          ],
          [
            73.2955516,
            18.7998283,
            0.0
          ],
          [
            73.2957295,
            18.7998158,
            0.0
          ]
        ]
      }
    },
    {
      "type": "Feature",
      "id": 22841972,
      "properties": {
        "name": "Dahiwali Flyover",
        "ref": "NH566D",
        "highway": "trunk",
        "bridge": "yes",
        "tunnel": "no",
        "layer": "1",
        "lanes": "2",
        "maxspeed": "60",
        "oneway": "yes"
      },
      "geometry": {
        "type": "LineString",
        "coordinates": [
          [
            73.2895811,
            18.7946572,
            0.0
          ],
          [
            73.2905644,
            18.7948035,
            0.0
          ]
        ]
      }
    },
    {
      "type": "Feature",
      "id": 22841979,
      "properties": {
        "name": "NH48",
        "ref": "NH48",
        "highway": "trunk",
        "bridge": "no",
        "tunnel": "no",
        "layer": "0",
        "lanes": "2",
        "maxspeed": "60",
        "oneway": "yes"
      },
      "geometry": {
        "type": "LineString",
        "coordinates": [
          [
            73.321308,
            18.8039303,
            0.0
          ],
          [
            73.3216498,
            18.803434,
            0.0
          ],
          [
            73.3219678,
            18.8030054,
            0.0
          ],
          [
            73.3226048,
            18.8023017,
            0.0
          ]
        ]
      }
    },
    {
      "type": "Feature",
      "id": 22841981,
      "properties": {
        "name": "NH48",
        "ref": "NH48",
        "highway": "trunk",
        "bridge": "no",
        "tunnel": "no",
        "layer": "0",
        "lanes": "2",
        "maxspeed": "60",
        "oneway": "yes"
      },
      "geometry": {
        "type": "LineString",
        "coordinates": [
          [
            73.4653858,
            18.7607542,
            0.0
          ],
          [
            73.4655883,
            18.7607251,
            0.0
          ],
          [
            73.4679717,
            18.7600898,
            0.0
          ],
          [
            73.4682242,
            18.7600434,
            0.0
          ],
          [
            73.4684972,
            18.7600138,
            0.0
          ],
          [
            73.4687917,
            18.7600197,
            0.0
          ],
          [
            73.4690413,
            18.7600444,
            0.0
          ],
          [
            73.4691175,
            18.760052,
            0.0
          ],
          [
            73.4695084,
            18.7601061,
            0.0
          ],
          [
            73.4701103,
            18.7602,
            0.0
          ],
          [
            73.4703719,
            18.7602394,
            0.0
          ],
          [
            73.4704879,
            18.7602568,
            0.0
          ],
          [
            73.4708424,
            18.7602992,
            0.0
          ],
          [
            73.471187,
            18.7603223,
            0.0
          ],
          [
            73.4712445,
            18.7603236,
            0.0
          ],
          [
            73.4714875,
            18.7603291,
            0.0
          ],
          [
            73.4716155,
            18.760332,
            0.0
          ],
          [
            73.4718848,
            18.7603253,
            0.0
          ],
          [
            73.4720063,
            18.7603223,
            0.0
          ],
          [
            73.4726971,
            18.7602994,
            0.0
          ],
          [
            73.473117,
            18.7602982,
            0.0
          ],
          [
            73.4735235,
            18.7603114,
            0.0
          ],
          [
            73.4737783,
            18.7603352,
            0.0
          ],
          [
            73.4740908,
            18.760396,
            0.0
          ],
          [
            73.4743906,
            18.7604691,
            0.0
          ],
          [
            73.4748063,
            18.7605891,
            0.0
          ],
          [
            73.4752627,
            18.7607427,
            0.0
          ],
          [
            73.4756345,
            18.7608881,
            0.0
          ],
          [
            73.4785406,
            18.7620517,
            0.0
          ],
          [
            73.478923,
            18.7621805,
            0.0
          ],
          [
            73.4792932,
            18.7622691,
            0.0
          ],
          [
            73.4802463,
            18.7624835,
            0.0
          ],
          [
            73.4839975,
            18.7633179,
            0.0
          ],
          [
            73.4852903,
            18.7636055,
            0.0
          ],
          [
            73.4880278,
            18.7642144,
            0.0
          ],
          [
            73.4954505,
            18.7658656,
            0.0
          ],
          [
            73.5006754,
            18.7670279,
            0.0
          ],
          [
            73.5010906,
            18.7671232,
            0.0
          ],
          [
            73.5014703,
            18.7672043,
            0.0
          ],
          [
            73.5019814,
            18.7672829,
            0.0
          ],
          [
            73.5034952,
            18.7674737,
            0.0
          ],
          [
            73.5038356,
            18.7674835,
            0.0
          ],
          [
            73.5041615,
            18.7674442,
            0.0
          ],
          [
            73.5044531,
            18.7673678,
            0.0
          ],
          [
            73.5048558,
            18.7671875,
            0.0
          ],
          [
            73.5088906,
            18.7651561,
            0.0
          ],
          [
            73.5092423,
            18.7649264,
            0.0
          ],
          [
            73.5098045,
            18.7645184,
            0.0
          ],
          [
            73.5103145,
            18.7641603,
            0.0
          ],
          [
            73.515492,
            18.7604138,
            0.0
          ],
          [
            73.5159285,
            18.7600988,
            0.0
          ],
          [
            73.5184506,
            18.7582786,
            0.0
          ],
          [
            73.5211122,
            18.7563577,
            0.0
          ],
          [
            73.5213482,
            18.756246,
            0.0
          ],
          [
            73.5216531,
            18.7561431,
            0.0
          ],
          [
            73.5219093,
            18.7560983,
            0.0
          ],
          [
            73.5226133,
            18.7560841,
            0.0
          ]
        ]
      }
    },
    {
      "type": "Feature",
      "id": 22841982,
      "properties": {
        "name": "NH48",
        "ref": "NH48",
        "highway": "trunk",
        "bridge": "no",
        "tunnel": "no",
        "layer": "0",
        "lanes": "2",
        "maxspeed": "60",
        "oneway": "yes"
      },
      "geometry": {
        "type": "LineString",
        "coordinates": [
          [
            73.4307044,
            18.7592394,
            0.0
          ],
          [
            73.4308082,
            18.7592663,
            0.0
          ],
          [
            73.4310959,
            18.7592089,
            0.0
          ],
          [
            73.4313478,
            18.759156,
            0.0
          ],
          [
            73.4317899,
            18.7590686,
            0.0
          ],
          [
            73.4323918,
            18.7589237,
            0.0
          ],
          [
            73.4327493,
            18.7588836,
            0.0
          ],
          [
            73.4327802,
            18.7588801,
            0.0
          ],
          [
            73.4334282,
            18.7588859,
            0.0
          ],
          [
            73.433749,
            18.7588959,
            0.0
          ],
          [
            73.4338729,
            18.7588998,
            0.0
          ],
          [
            73.4345166,
            18.7589662,
            0.0
          ],
          [
            73.4347612,
            18.7590177,
            0.0
          ],
          [
            73.4351444,
            18.7590985,
            0.0
          ],
          [
            73.4354693,
            18.7591956,
            0.0
          ],
          [
            73.4357087,
            18.7592671,
            0.0
          ],
          [
            73.4363384,
            18.7595353,
            0.0
          ],
          [
            73.4366996,
            18.7596938,
            0.0
          ],
          [
            73.4367934,
            18.7597349,
            0.0
          ],
          [
            73.4370589,
            18.7598235,
            0.0
          ],
          [
            73.4372263,
            18.7598794,
            0.0
          ],
          [
            73.4386466,
            18.7600787,
            0.0
          ],
          [
            73.4392743,
            18.7601667,
            0.0
          ],
          [
            73.4396117,
            18.7602141,
            0.0
          ]
        ]
      }
    },
    {
      "type": "Feature",
      "id": 22841983,
      "properties": {
        "name": "Khopoli Exit",
        "ref": "NH48",
        "highway": "trunk",
        "bridge": "no",
        "tunnel": "yes",
        "layer": "-1",
        "lanes": "2",
        "maxspeed": "25",
        "oneway": "yes"
      },
      "geometry": {
        "type": "LineString",
        "coordinates": [
          [
            73.3365984,
            18.7704441,
            0.0
          ],
          [
            73.3365497,
            18.7710354,
            0.0
          ]
        ]
      }
    },
    {
      "type": "Feature",
      "id": 22841985,
      "properties": {
        "name": "NH48",
        "ref": "NH48",
        "highway": "trunk",
        "bridge": "no",
        "tunnel": "no",
        "layer": "0",
        "lanes": "2",
        "maxspeed": "60",
        "oneway": "yes"
      },
      "geometry": {
        "type": "LineString",
        "coordinates": [
          [
            73.3513498,
            18.7660351,
            0.0
          ],
          [
            73.3513864,
            18.7661887,
            0.0
          ],
          [
            73.351399,
            18.7662398,
            0.0
          ],
          [
            73.3514136,
            18.7662607,
            0.0
          ],
          [
            73.3514509,
            18.7662714,
            0.0
          ],
          [
            73.3514941,
            18.7662676,
            0.0
          ],
          [
            73.3515512,
            18.766223,
            0.0
          ],
          [
            73.351624,
            18.7660138,
            0.0
          ],
          [
            73.3517116,
            18.765877,
            0.0
          ],
          [
            73.3517796,
            18.7657607,
            0.0
          ],
          [
            73.3518456,
            18.7656168,
            0.0
          ],
          [
            73.3518469,
            18.7654982,
            0.0
          ]
        ]
      }
    },
    {
      "type": "Feature",
      "id": 22841986,
      "properties": {
        "name": "NH48",
        "ref": "NH48",
        "highway": "trunk",
        "bridge": "yes",
        "tunnel": "no",
        "layer": "1",
        "lanes": "2",
        "maxspeed": "60",
        "oneway": "yes"
      },
      "geometry": {
        "type": "LineString",
        "coordinates": [
          [
            73.3512807,
            18.76545,
            0.0
          ],
          [
            73.3513063,
            18.7656984,
            0.0
          ],
          [
            73.3513498,
            18.7660351,
            0.0
          ]
        ]
      }
    },
    {
      "type": "Feature",
      "id": 22841988,
      "properties": {
        "name": "NH48",
        "ref": "NH48",
        "highway": "trunk",
        "bridge": "no",
        "tunnel": "no",
        "layer": "0",
        "lanes": "2",
        "maxspeed": "60",
        "oneway": "no"
      },
      "geometry": {
        "type": "LineString",
        "coordinates": [
          [
            73.3756046,
            18.7582843,
            0.0
          ],
          [
            73.375482,
            18.7582405,
            0.0
          ],
          [
            73.3751716,
            18.7581663,
            0.0
          ],
          [
            73.375003,
            18.758105,
            0.0
          ],
          [
            73.3749019,
            18.757993,
            0.0
          ],
          [
            73.3747487,
            18.757885,
            0.0
          ],
          [
            73.3745865,
            18.7578296,
            0.0
          ],
          [
            73.3744104,
            18.7577892,
            0.0
          ],
          [
            73.3740856,
            18.7577147,
            0.0
          ],
          [
            73.3735121,
            18.757552,
            0.0
          ],
          [
            73.3731302,
            18.7574984,
            0.0
          ],
          [
            73.3728065,
            18.7574422,
            0.0
          ],
          [
            73.3726109,
            18.7574083,
            0.0
          ],
          [
            73.3724303,
            18.757377,
            0.0
          ],
          [
            73.3721217,
            18.7573621,
            0.0
          ],
          [
            73.3719375,
            18.7573894,
            0.0
          ],
          [
            73.3718108,
            18.7574572,
            0.0
          ],
          [
            73.3717108,
            18.7575935,
            0.0
          ],
          [
            73.371627,
            18.7577767,
            0.0
          ],
          [
            73.3715126,
            18.7580676,
            0.0
          ],
          [
            73.3714013,
            18.7582862,
            0.0
          ],
          [
            73.3713685,
            18.7583321,
            0.0
          ],
          [
            73.371195,
            18.7585744,
            0.0
          ],
          [
            73.3705422,
            18.7594122,
            0.0
          ],
          [
            73.3701082,
            18.7599612,
            0.0
          ],
          [
            73.369894,
            18.7603572,
            0.0
          ],
          [
            73.3697431,
            18.76073,
            0.0
          ],
          [
            73.369314,
            18.7618909,
            0.0
          ],
          [
            73.3692532,
            18.7620297,
            0.0
          ],
          [
            73.3691313,
            18.7623081,
            0.0
          ],
          [
            73.3690002,
            18.7624986,
            0.0
          ],
          [
            73.3688062,
            18.7626871,
            0.0
          ],
          [
            73.3686248,
            18.7627959,
            0.0
          ],
          [
            73.3684885,
            18.7629226,
            0.0
          ],
          [
            73.3684234,
            18.7630368,
            0.0
          ],
          [
            73.3683085,
            18.7635219,
            0.0
          ],
          [
            73.3682431,
            18.7637176,
            0.0
          ],
          [
            73.3681448,
            18.7639997,
            0.0
          ],
          [
            73.3681143,
            18.764158,
            0.0
          ],
          [
            73.3681292,
            18.7643001,
            0.0
          ],
          [
            73.3682336,
            18.7646215,
            0.0
          ],
          [
            73.3682836,
            18.7648132,
            0.0
          ],
          [
            73.3683217,
            18.7650376,
            0.0
          ],
          [
            73.3683484,
            18.7652381,
            0.0
          ],
          [
            73.3684111,
            18.7656248,
            0.0
          ],
          [
            73.3684194,
            18.7660249,
            0.0
          ],
          [
            73.3683252,
            18.7664453,
            0.0
          ],
          [
            73.3681973,
            18.7667367,
            0.0
          ],
          [
            73.3680654,
            18.7669651,
            0.0
          ],
          [
            73.3679639,
            18.7672775,
            0.0
          ],
          [
            73.3679119,
            18.7676499,
            0.0
          ],
          [
            73.3677289,
            18.7680456,
            0.0
          ],
          [
            73.3673974,
            18.7687282,
            0.0
          ],
          [
            73.3669884,
            18.7696825,
            0.0
          ],
          [
            73.366635,
            18.7703539,
            0.0
          ],
          [
            73.3665318,
            18.7705539,
            0.0
          ],
          [
            73.3664149,
            18.7706973,
            0.0
          ],
          [
            73.3663635,
            18.770736,
            0.0
          ],
          [
            73.3663292,
            18.7707453,
            0.0
          ],
          [
            73.3662676,
            18.7707543,
            0.0
          ],
          [
            73.3661819,
            18.770769,
            0.0
          ],
          [
            73.3660537,
            18.7707289,
            0.0
          ],
          [
            73.3659173,
            18.7706872,
            0.0
          ],
          [
            73.3657649,
            18.7705945,
            0.0
          ],
          [
            73.3655723,
            18.770493,
            0.0
          ],
          [
            73.3653523,
            18.7704229,
            0.0
          ],
          [
            73.3652416,
            18.7704007,
            0.0
          ],
          [
            73.3651378,
            18.7704084,
            0.0
          ],
          [
            73.3650743,
            18.7704358,
            0.0
          ],
          [
            73.3650211,
            18.7704868,
            0.0
          ],
          [
            73.3650034,
            18.7705358,
            0.0
          ],
          [
            73.3650005,
            18.7706528,
            0.0
          ],
          [
            73.3650823,
            18.7710341,
            0.0
          ],
          [
            73.365102,
            18.7712075,
            0.0
          ],
          [
            73.3651705,
            18.7716374,
            0.0
          ],
          [
            73.3651762,
            18.7717449,
            0.0
          ],
          [
            73.3651626,
            18.7718168,
            0.0
          ],
          [
            73.3651155,
            18.7719384,
            0.0
          ],
          [
            73.3650272,
            18.7720912,
            0.0
          ],
          [
            73.3649702,
            18.7722609,
            0.0
          ],
          [
            73.3649541,
            18.7726182,
            0.0
          ],
          [
            73.3649273,
            18.7727304,
            0.0
          ],
          [
            73.364869,
            18.772789,
            0.0
          ],
          [
            73.3648006,
            18.7728194,
            0.0
          ],
          [
            73.3646799,
            18.7727974,
            0.0
          ],
          [
            73.3645736,
            18.7727629,
            0.0
          ],
          [
            73.3644639,
            18.7727194,
            0.0
          ],
          [
            73.3643622,
            18.7726589,
            0.0
          ],
          [
            73.3642866,
            18.772594,
            0.0
          ],
          [
            73.3642367,
            18.7725169,
            0.0
          ],
          [
            73.3640877,
            18.7722695,
            0.0
          ],
          [
            73.363945,
            18.7721356,
            0.0
          ],
          [
            73.3637906,
            18.7719623,
            0.0
          ],
          [
            73.3634948,
            18.7716163,
            0.0
          ],
          [
            73.3633284,
            18.7713285,
            0.0
          ],
          [
            73.363169,
            18.7709531,
            0.0
          ],
          [
            73.3629111,
            18.7705039,
            0.0
          ],
          [
            73.3623869,
            18.7698829,
            0.0
          ],
          [
            73.3621439,
            18.7695801,
            0.0
          ],
          [
            73.3619587,
            18.7692402,
            0.0
          ],
          [
            73.3617586,
            18.7689607,
            0.0
          ],
          [
            73.3613612,
            18.7685087,
            0.0
          ],
          [
            73.3608318,
            18.7679754,
            0.0
          ],
          [
            73.3607784,
            18.7678437,
            0.0
          ],
          [
            73.3607316,
            18.7676401,
            0.0
          ],
          [
            73.3606455,
            18.767328,
            0.0
          ]
        ]
      }
    },
    {
      "type": "Feature",
      "id": 22841989,
      "properties": {
        "name": "Mumbai Pune Highway",
        "ref": "NH48",
        "highway": "trunk",
        "bridge": "yes",
        "tunnel": "no",
        "layer": "2",
        "lanes": "2",
        "maxspeed": "60",
        "oneway": "no"
      },
      "geometry": {
        "type": "LineString",
        "coordinates": [
          [
            73.3606455,
            18.767328,
            0.0
          ],
          [
            73.3597827,
            18.7661569,
            0.0
          ]
        ]
      }
    },
    {
      "type": "Feature",
      "id": 22842005,
      "properties": {
        "name": "NH48",
        "ref": "NH48",
        "highway": "trunk",
        "bridge": "no",
        "tunnel": "no",
        "layer": "0",
        "lanes": "2",
        "maxspeed": "60",
        "oneway": "yes"
      },
      "geometry": {
        "type": "LineString",
        "coordinates": [
          [
            73.3135211,
            18.8111619,
            0.0
          ],
          [
            73.313988,
            18.8108443,
            0.0
          ],
          [
            73.3143533,
            18.8106085,
            0.0
          ],
          [
            73.3152331,
            18.8100406,
            0.0
          ],
          [
            73.3157624,
            18.8096769,
            0.0
          ],
          [
            73.3169,
            18.8088953,
            0.0
          ],
          [
            73.3170743,
            18.8087755,
            0.0
          ],
          [
            73.3172612,
            18.8086404,
            0.0
          ],
          [
            73.3177382,
            18.8082954,
            0.0
          ],
          [
            73.3188882,
            18.8075242,
            0.0
          ],
          [
            73.3194293,
            18.8071223,
            0.0
          ],
          [
            73.3196892,
            18.8068969,
            0.0
          ],
          [
            73.319774,
            18.8068082,
            0.0
          ],
          [
            73.3198721,
            18.8067021,
            0.0
          ],
          [
            73.3200085,
            18.8065217,
            0.0
          ],
          [
            73.3201242,
            18.8063341,
            0.0
          ],
          [
            73.3204749,
            18.8056741,
            0.0
          ],
          [
            73.3207377,
            18.8051083,
            0.0
          ],
          [
            73.3211773,
            18.8042421,
            0.0
          ],
          [
            73.3211716,
            18.8041113,
            0.0
          ]
        ]
      }
    },
    {
      "type": "Feature",
      "id": 22842006,
      "properties": {
        "name": "Khopoli Road",
        "ref": "NH48",
        "highway": "trunk",
        "bridge": "no",
        "tunnel": "no",
        "layer": "0",
        "lanes": "2",
        "maxspeed": "60",
        "oneway": "yes"
      },
      "geometry": {
        "type": "LineString",
        "coordinates": [
          [
            73.3365497,
            18.7710354,
            0.0
          ],
          [
            73.3365399,
            18.771819,
            0.0
          ],
          [
            73.3365053,
            18.7723305,
            0.0
          ],
          [
            73.3364279,
            18.7728297,
            0.0
          ],
          [
            73.3363196,
            18.7733517,
            0.0
          ],
          [
            73.3361659,
            18.7741162,
            0.0
          ],
          [
            73.3360387,
            18.7747416,
            0.0
          ],
          [
            73.3358381,
            18.7754123,
            0.0
          ],
          [
            73.3356755,
            18.7759656,
            0.0
          ],
          [
            73.3355009,
            18.7765234,
            0.0
          ],
          [
            73.3353926,
            18.776916,
            0.0
          ],
          [
            73.3352709,
            18.7774607,
            0.0
          ],
          [
            73.3351987,
            18.7778077,
            0.0
          ],
          [
            73.3351594,
            18.7780635,
            0.0
          ],
          [
            73.3351778,
            18.7784914,
            0.0
          ],
          [
            73.3351964,
            18.7789486,
            0.0
          ],
          [
            73.3352379,
            18.7794907,
            0.0
          ],
          [
            73.3353247,
            18.780228,
            0.0
          ],
          [
            73.3353501,
            18.7805766,
            0.0
          ],
          [
            73.3353372,
            18.7807605,
            0.0
          ],
          [
            73.3352864,
            18.7810118,
            0.0
          ],
          [
            73.3352402,
            18.7812391,
            0.0
          ],
          [
            73.3351594,
            18.7817768,
            0.0
          ],
          [
            73.3350709,
            18.7824218,
            0.0
          ],
          [
            73.335037,
            18.7830281,
            0.0
          ],
          [
            73.3350428,
            18.7839075,
            0.0
          ],
          [
            73.3350323,
            18.7845579,
            0.0
          ],
          [
            73.3349333,
            18.7857965,
            0.0
          ],
          [
            73.3348325,
            18.7870706,
            0.0
          ],
          [
            73.334768,
            18.7873788,
            0.0
          ],
          [
            73.3347121,
            18.7875522,
            0.0
          ],
          [
            73.3346201,
            18.7878358,
            0.0
          ],
          [
            73.3344998,
            18.7881297,
            0.0
          ],
          [
            73.3343515,
            18.7885064,
            0.0
          ],
          [
            73.3342362,
            18.7888447,
            0.0
          ],
          [
            73.3340552,
            18.7893566,
            0.0
          ],
          [
            73.3338392,
            18.7899513,
            0.0
          ],
          [
            73.3337826,
            18.7900652,
            0.0
          ],
          [
            73.3337629,
            18.7900917,
            0.0
          ],
          [
            73.333682,
            18.7902006,
            0.0
          ],
          [
            73.3335904,
            18.7903212,
            0.0
          ],
          [
            73.3334641,
            18.7904515,
            0.0
          ],
          [
            73.3333379,
            18.7905433,
            0.0
          ],
          [
            73.3331381,
            18.7906685,
            0.0
          ],
          [
            73.3328598,
            18.7908098,
            0.0
          ],
          [
            73.332328,
            18.7910721,
            0.0
          ],
          [
            73.3313762,
            18.7916052,
            0.0
          ],
          [
            73.3311075,
            18.7917369,
            0.0
          ],
          [
            73.330152,
            18.7922054,
            0.0
          ],
          [
            73.3299212,
            18.7922034,
            0.0
          ],
          [
            73.3296094,
            18.7921586,
            0.0
          ],
          [
            73.3291729,
            18.792078,
            0.0
          ],
          [
            73.329044,
            18.7920562,
            0.0
          ],
          [
            73.3288019,
            18.7920153,
            0.0
          ],
          [
            73.3285573,
            18.7920008,
            0.0
          ],
          [
            73.3283385,
            18.7920107,
            0.0
          ],
          [
            73.328126,
            18.7920413,
            0.0
          ],
          [
            73.3278335,
            18.7921329,
            0.0
          ],
          [
            73.3273492,
            18.7922802,
            0.0
          ],
          [
            73.3266289,
            18.7924829,
            0.0
          ],
          [
            73.3259783,
            18.792656,
            0.0
          ],
          [
            73.3258011,
            18.7927031,
            0.0
          ],
          [
            73.325063,
            18.7928477,
            0.0
          ],
          [
            73.3242214,
            18.7930015,
            0.0
          ],
          [
            73.3239742,
            18.7930648,
            0.0
          ],
          [
            73.3236815,
            18.7931554,
            0.0
          ],
          [
            73.3234636,
            18.7932353,
            0.0
          ],
          [
            73.3233196,
            18.793295,
            0.0
          ],
          [
            73.3231606,
            18.7933819,
            0.0
          ],
          [
            73.3229952,
            18.7935054,
            0.0
          ],
          [
            73.3228624,
            18.7936483,
            0.0
          ],
          [
            73.3227352,
            18.7938157,
            0.0
          ],
          [
            73.3226616,
            18.793932,
            0.0
          ],
          [
            73.3226055,
            18.7940739,
            0.0
          ],
          [
            73.3225581,
            18.7942563,
            0.0
          ],
          [
            73.3225474,
            18.794469,
            0.0
          ],
          [
            73.3225939,
            18.7949526,
            0.0
          ],
          [
            73.3226152,
            18.7951105,
            0.0
          ],
          [
            73.322704,
            18.7957691,
            0.0
          ],
          [
            73.322789,
            18.796591,
            0.0
          ],
          [
            73.3228162,
            18.7968934,
            0.0
          ],
          [
            73.3228263,
            18.7970055,
            0.0
          ],
          [
            73.3228319,
            18.7975028,
            0.0
          ],
          [
            73.3228329,
            18.7975903,
            0.0
          ],
          [
            73.3228049,
            18.7980246,
            0.0
          ],
          [
            73.3227676,
            18.7983085,
            0.0
          ],
          [
            73.3227248,
            18.7985241,
            0.0
          ],
          [
            73.3226819,
            18.7987397,
            0.0
          ],
          [
            73.3226612,
            18.798844,
            0.0
          ],
          [
            73.3225468,
            18.7994124,
            0.0
          ],
          [
            73.3224397,
            18.7997838,
            0.0
          ],
          [
            73.3223951,
            18.7999384,
            0.0
          ],
          [
            73.3222783,
            18.8003293,
            0.0
          ],
          [
            73.3222508,
            18.8004212,
            0.0
          ]
        ]
      }
    },
    {
      "type": "Feature",
      "id": 22842009,
      "properties": {
        "name": "Mumbai - Pune Expressway",
        "ref": "MPE",
        "highway": "motorway",
        "bridge": "no",
        "tunnel": "no",
        "layer": "0",
        "lanes": "3",
        "maxspeed": "100",
        "oneway": "yes"
      },
      "geometry": {
        "type": "LineString",
        "coordinates": [
          [
            73.2899428,
            18.7948858,
            0.0
          ],
          [
            73.2901304,
            18.7947592,
            0.0
          ],
          [
            73.2902649,
            18.7946685,
            0.0
          ],
          [
            73.2906035,
            18.7944597,
            0.0
          ],
          [
            73.290936,
            18.7942751,
            0.0
          ],
          [
            73.2913425,
            18.7940995,
            0.0
          ],
          [
            73.2917536,
            18.7939277,
            0.0
          ],
          [
            73.2923741,
            18.7937119,
            0.0
          ],
          [
            73.2927487,
            18.793583,
            0.0
          ],
          [
            73.2942117,
            18.7930794,
            0.0
          ]
        ]
      }
    },
    {
      "type": "Feature",
      "id": 22842022,
      "properties": {
        "name": "Mumbai - Pune Expressway",
        "ref": "MPE",
        "highway": "motorway",
        "bridge": "no",
        "tunnel": "no",
        "layer": "0",
        "lanes": "3",
        "maxspeed": "60",
        "oneway": "yes"
      },
      "geometry": {
        "type": "LineString",
        "coordinates": [
          [
            73.3800727,
            18.7598988,
            0.0
          ],
          [
            73.3801095,
            18.7599327,
            0.0
          ],
          [
            73.3803443,
            18.7601143,
            0.0
          ],
          [
            73.3805865,
            18.7602445,
            0.0
          ],
          [
            73.3810012,
            18.7603816,
            0.0
          ],
          [
            73.3818649,
            18.7605291,
            0.0
          ],
          [
            73.3821481,
            18.760583,
            0.0
          ],
          [
            73.3824721,
            18.7606847,
            0.0
          ],
          [
            73.3837738,
            18.7611934,
            0.0
          ],
          [
            73.3840761,
            18.7613027,
            0.0
          ]
        ]
      }
    },
    {
      "type": "Feature",
      "id": 22842027,
      "properties": {
        "name": "Mumbai - Pune Expressway",
        "ref": "",
        "highway": "motorway_link",
        "bridge": "no",
        "tunnel": "no",
        "layer": "0",
        "lanes": "2",
        "maxspeed": "60",
        "oneway": "yes"
      },
      "geometry": {
        "type": "LineString",
        "coordinates": [
          [
            73.2884961,
            18.7963261,
            0.0
          ],
          [
            73.2886776,
            18.7961516,
            0.0
          ],
          [
            73.2893472,
            18.7954984,
            0.0
          ],
          [
            73.289473,
            18.7954014,
            0.0
          ],
          [
            73.2896141,
            18.7953163,
            0.0
          ],
          [
            73.2897517,
            18.7952378,
            0.0
          ],
          [
            73.2899448,
            18.7951644,
            0.0
          ],
          [
            73.2901666,
            18.795108,
            0.0
          ],
          [
            73.2904014,
            18.795081,
            0.0
          ],
          [
            73.2906557,
            18.7950777,
            0.0
          ],
          [
            73.2909795,
            18.795113,
            0.0
          ],
          [
            73.2912249,
            18.7951467,
            0.0
          ],
          [
            73.2915362,
            18.7952124,
            0.0
          ],
          [
            73.2917781,
            18.7952966,
            0.0
          ],
          [
            73.291972,
            18.7954094,
            0.0
          ],
          [
            73.2921321,
            18.795534,
            0.0
          ],
          [
            73.292269,
            18.7956906,
            0.0
          ],
          [
            73.2923437,
            18.7958001,
            0.0
          ],
          [
            73.29243,
            18.7959504,
            0.0
          ]
        ]
      }
    },
    {
      "type": "Feature",
      "id": 22842031,
      "properties": {
        "name": "Mumbai - Pune Expressway",
        "ref": "",
        "highway": "motorway_link",
        "bridge": "no",
        "tunnel": "no",
        "layer": "0",
        "lanes": "2",
        "maxspeed": "60",
        "oneway": "yes"
      },
      "geometry": {
        "type": "LineString",
        "coordinates": [
          [
            73.2884435,
            18.7938359,
            0.0
          ],
          [
            73.2886032,
            18.7938064,
            0.0
          ],
          [
            73.2887425,
            18.7937926,
            0.0
          ],
          [
            73.2906386,
            18.7933333,
            0.0
          ],
          [
            73.2907879,
            18.7933276,
            0.0
          ],
          [
            73.2908964,
            18.7933595,
            0.0
          ],
          [
            73.2909828,
            18.7934147,
            0.0
          ],
          [
            73.2910508,
            18.7934822,
            0.0
          ],
          [
            73.2910914,
            18.7935619,
            0.0
          ],
          [
            73.2911056,
            18.7936668,
            0.0
          ],
          [
            73.2911004,
            18.7937477,
            0.0
          ],
          [
            73.2910759,
            18.7938023,
            0.0
          ],
          [
            73.2910119,
            18.793862,
            0.0
          ],
          [
            73.2908961,
            18.7939283,
            0.0
          ],
          [
            73.2903566,
            18.7942384,
            0.0
          ],
          [
            73.2903108,
            18.7942867,
            0.0
          ],
          [
            73.2902777,
            18.7943383,
            0.0
          ],
          [
            73.2902672,
            18.7943769,
            0.0
          ],
          [
            73.2902664,
            18.7944532,
            0.0
          ]
        ]
      }
    },
    {
      "type": "Feature",
      "id": 22842033,
      "properties": {
        "name": "Mumbai - Pune Expressway",
        "ref": "MPE;NH48",
        "highway": "motorway",
        "bridge": "no",
        "tunnel": "no",
        "layer": "0",
        "lanes": "3",
        "maxspeed": "60",
        "oneway": "yes"
      },
      "geometry": {
        "type": "LineString",
        "coordinates": [
          [
            73.3529406,
            18.7646887,
            0.0
          ],
          [
            73.3530797,
            18.7647305,
            0.0
          ],
          [
            73.3532137,
            18.7648042,
            0.0
          ],
          [
            73.3534974,
            18.7650476,
            0.0
          ],
          [
            73.3540503,
            18.7655841,
            0.0
          ]
        ]
      }
    },
    {
      "type": "Feature",
      "id": 22842036,
      "properties": {
        "name": "Mumbai - Pune Expressway",
        "ref": "MPE;NH48",
        "highway": "motorway",
        "bridge": "no",
        "tunnel": "no",
        "layer": "0",
        "lanes": "3",
        "maxspeed": "60",
        "oneway": "yes"
      },
      "geometry": {
        "type": "LineString",
        "coordinates": [
          [
            73.3674121,
            18.7702045,
            0.0
          ],
          [
            73.3675311,
            18.7700052,
            0.0
          ],
          [
            73.3678012,
            18.7694582,
            0.0
          ],
          [
            73.3679205,
            18.7692166,
            0.0
          ]
        ]
      }
    },
    {
      "type": "Feature",
      "id": 22842048,
      "properties": {
        "name": "Mumbai - Pune Expressway",
        "ref": "MPE",
        "highway": "motorway",
        "bridge": "no",
        "tunnel": "no",
        "layer": "0",
        "lanes": "3",
        "maxspeed": "60",
        "oneway": "yes"
      },
      "geometry": {
        "type": "LineString",
        "coordinates": [
          [
            73.364483,
            18.7709974,
            0.0
          ],
          [
            73.3642922,
            18.771019,
            0.0
          ],
          [
            73.3641211,
            18.7710079,
            0.0
          ],
          [
            73.363957,
            18.7709917,
            0.0
          ],
          [
            73.363692,
            18.7709146,
            0.0
          ],
          [
            73.363539,
            18.7708454,
            0.0
          ],
          [
            73.3634209,
            18.7707465,
            0.0
          ],
          [
            73.3633204,
            18.7706556,
            0.0
          ],
          [
            73.3631726,
            18.770516,
            0.0
          ],
          [
            73.3630423,
            18.7703698,
            0.0
          ],
          [
            73.362815,
            18.7701367,
            0.0
          ],
          [
            73.3627221,
            18.7700325,
            0.0
          ],
          [
            73.3626026,
            18.7698258,
            0.0
          ],
          [
            73.3624449,
            18.7694777,
            0.0
          ],
          [
            73.3623267,
            18.7692427,
            0.0
          ],
          [
            73.3622056,
            18.7690481,
            0.0
          ],
          [
            73.3619385,
            18.7686198,
            0.0
          ],
          [
            73.3618471,
            18.7684409,
            0.0
          ],
          [
            73.3617944,
            18.7682832,
            0.0
          ],
          [
            73.3616842,
            18.7680053,
            0.0
          ],
          [
            73.361581,
            18.7678342,
            0.0
          ],
          [
            73.3614505,
            18.7676875,
            0.0
          ],
          [
            73.3605993,
            18.7669204,
            0.0
          ],
          [
            73.3604921,
            18.7668118,
            0.0
          ],
          [
            73.3604473,
            18.7667664,
            0.0
          ],
          [
            73.360331,
            18.7666487,
            0.0
          ],
          [
            73.3602354,
            18.7665759,
            0.0
          ],
          [
            73.3601266,
            18.7665217,
            0.0
          ],
          [
            73.360054,
            18.7665217,
            0.0
          ],
          [
            73.3599099,
            18.7665679,
            0.0
          ],
          [
            73.3597291,
            18.7666446,
            0.0
          ],
          [
            73.3596335,
            18.7666586,
            0.0
          ],
          [
            73.3595574,
            18.7666579,
            0.0
          ],
          [
            73.359461,
            18.766624,
            0.0
          ],
          [
            73.3593182,
            18.766543,
            0.0
          ],
          [
            73.3590013,
            18.7662696,
            0.0
          ],
          [
            73.3587706,
            18.7661113,
            0.0
          ],
          [
            73.3585014,
            18.7659495,
            0.0
          ],
          [
            73.3582747,
            18.7658442,
            0.0
          ],
          [
            73.3580306,
            18.7657501,
            0.0
          ],
          [
            73.3577619,
            18.7656828,
            0.0
          ],
          [
            73.3570649,
            18.7655417,
            0.0
          ],
          [
            73.357025,
            18.7655276,
            0.0
          ],
          [
            73.3568148,
            18.7654531,
            0.0
          ],
          [
            73.3566252,
            18.7653496,
            0.0
          ],
          [
            73.3564009,
            18.7651931,
            0.0
          ],
          [
            73.3562683,
            18.7650608,
            0.0
          ],
          [
            73.3561501,
            18.7648793,
            0.0
          ],
          [
            73.356061,
            18.7646787,
            0.0
          ],
          [
            73.35598,
            18.7644203,
            0.0
          ],
          [
            73.3557207,
            18.7636581,
            0.0
          ],
          [
            73.3556139,
            18.7633919,
            0.0
          ],
          [
            73.355591,
            18.7633347,
            0.0
          ],
          [
            73.3554624,
            18.7630695,
            0.0
          ],
          [
            73.3553195,
            18.762846,
            0.0
          ],
          [
            73.3552062,
            18.762728,
            0.0
          ],
          [
            73.3550735,
            18.7626306,
            0.0
          ],
          [
            73.3549251,
            18.7625565,
            0.0
          ],
          [
            73.3547506,
            18.7625115,
            0.0
          ],
          [
            73.3545957,
            18.7624994,
            0.0
          ],
          [
            73.3544442,
            18.7625039,
            0.0
          ],
          [
            73.3542779,
            18.7625439,
            0.0
          ],
          [
            73.354119,
            18.7626004,
            0.0
          ],
          [
            73.3539809,
            18.7626709,
            0.0
          ],
          [
            73.3538575,
            18.7627731,
            0.0
          ]
        ]
      }
    },
    {
      "type": "Feature",
      "id": 22842049,
      "properties": {
        "name": "Khandala Tunnel",
        "ref": "MPE",
        "highway": "motorway",
        "bridge": "no",
        "tunnel": "yes",
        "layer": "-1",
        "lanes": "3",
        "maxspeed": "60",
        "oneway": "yes"
      },
      "geometry": {
        "type": "LineString",
        "coordinates": [
          [
            73.3677995,
            18.7690994,
            0.0
          ],
          [
            73.3674726,
            18.7695338,
            0.0
          ],
          [
            73.3671561,
            18.7698926,
            0.0
          ],
          [
            73.3667975,
            18.7701792,
            0.0
          ],
          [
            73.3662981,
            18.7704496,
            0.0
          ],
          [
            73.3657892,
            18.7706174,
            0.0
          ],
          [
            73.3650993,
            18.7708148,
            0.0
          ],
          [
            73.364483,
            18.7709974,
            0.0
          ]
        ]
      }
    },
    {
      "type": "Feature",
      "id": 22842055,
      "properties": {
        "name": "Mumbai - Pune Expressway",
        "ref": "MPE",
        "highway": "motorway",
        "bridge": "yes",
        "tunnel": "no",
        "layer": "1",
        "lanes": "3",
        "maxspeed": "60",
        "oneway": "yes"
      },
      "geometry": {
        "type": "LineString",
        "coordinates": [
          [
            73.3840761,
            18.7613027,
            0.0
          ],
          [
            73.3843828,
            18.7614209,
            0.0
          ],
          [
            73.3848316,
            18.7615918,
            0.0
          ],
          [
            73.3850774,
            18.7617094,
            0.0
          ],
          [
            73.3852982,
            18.7618563,
            0.0
          ],
          [
            73.3854238,
            18.7619633,
            0.0
          ],
          [
            73.3856015,
            18.7621401,
            0.0
          ],
          [
            73.3857281,
            18.7623003,
            0.0
          ],
          [
            73.3858309,
            18.7624769,
            0.0
          ],
          [
            73.3861816,
            18.7631238,
            0.0
          ],
          [
            73.3863228,
            18.7633466,
            0.0
          ],
          [
            73.386489,
            18.7635957,
            0.0
          ],
          [
            73.3866842,
            18.7638278,
            0.0
          ]
        ]
      }
    },
    {
      "type": "Feature",
      "id": 22842056,
      "properties": {
        "name": "Mumbai - Pune Expressway",
        "ref": "MPE",
        "highway": "motorway",
        "bridge": "yes",
        "tunnel": "no",
        "layer": "1",
        "lanes": "3",
        "maxspeed": "100",
        "oneway": "yes"
      },
      "geometry": {
        "type": "LineString",
        "coordinates": [
          [
            73.4210226,
            18.761824,
            0.0
          ],
          [
            73.4217539,
            18.7615239,
            0.0
          ],
          [
            73.4222617,
            18.7613651,
            0.0
          ],
          [
            73.4226128,
            18.7612665,
            0.0
          ],
          [
            73.4229296,
            18.7611929,
            0.0
          ],
          [
            73.423517,
            18.761083,
            0.0
          ],
          [
            73.4241138,
            18.7609622,
            0.0
          ],
          [
            73.4249676,
            18.7608138,
            0.0
          ],
          [
            73.4250479,
            18.7607979,
            0.0
          ],
          [
            73.4255626,
            18.7606921,
            0.0
          ],
          [
            73.4266968,
            18.7604687,
            0.0
          ],
          [
            73.4277589,
            18.7602679,
            0.0
          ],
          [
            73.4279387,
            18.7602209,
            0.0
          ],
          [
            73.4281512,
            18.7601437,
            0.0
          ],
          [
            73.4283363,
            18.7600588,
            0.0
          ],
          [
            73.4284729,
            18.759975,
            0.0
          ],
          [
            73.4286119,
            18.7598658,
            0.0
          ],
          [
            73.4287514,
            18.7597337,
            0.0
          ],
          [
            73.4288651,
            18.7596008,
            0.0
          ],
          [
            73.428956,
            18.7594696,
            0.0
          ],
          [
            73.4290231,
            18.7593411,
            0.0
          ],
          [
            73.4290828,
            18.7591991,
            0.0
          ],
          [
            73.4291292,
            18.7590701,
            0.0
          ],
          [
            73.4291688,
            18.7589382,
            0.0
          ],
          [
            73.4291985,
            18.7587905,
            0.0
          ],
          [
            73.4292103,
            18.7586426,
            0.0
          ],
          [
            73.4292132,
            18.7584951,
            0.0
          ],
          [
            73.4291949,
            18.7575194,
            0.0
          ]
        ]
      }
    },
    {
      "type": "Feature",
      "id": 22842061,
      "properties": {
        "name": "motorway_link",
        "ref": "",
        "highway": "motorway_link",
        "bridge": "no",
        "tunnel": "no",
        "layer": "0",
        "lanes": "2",
        "maxspeed": "40",
        "oneway": "yes"
      },
      "geometry": {
        "type": "LineString",
        "coordinates": [
          [
            73.2968079,
            18.7924689,
            0.0
          ],
          [
            73.29787,
            18.79215,
            0.0
          ],
          [
            73.2996086,
            18.7915398,
            0.0
          ],
          [
            73.3007014,
            18.791138,
            0.0
          ],
          [
            73.301117,
            18.7909504,
            0.0
          ],
          [
            73.3016886,
            18.7906472,
            0.0
          ],
          [
            73.3031006,
            18.7900155,
            0.0
          ]
        ]
      }
    },
    {
      "type": "Feature",
      "id": 42680114,
      "properties": {
        "name": "motorway_link",
        "ref": "",
        "highway": "motorway_link",
        "bridge": "no",
        "tunnel": "no",
        "layer": "0",
        "lanes": "2",
        "maxspeed": "60",
        "oneway": "yes"
      },
      "geometry": {
        "type": "LineString",
        "coordinates": [
          [
            73.3020194,
            18.7902005,
            0.0
          ],
          [
            73.301233,
            18.7903447,
            0.0
          ],
          [
            73.3007589,
            18.7903866,
            0.0
          ],
          [
            73.3005036,
            18.7904369,
            0.0
          ],
          [
            73.3001174,
            18.7905828,
            0.0
          ],
          [
            73.2996222,
            18.7907698,
            0.0
          ],
          [
            73.2995311,
            18.7908042,
            0.0
          ],
          [
            73.29919,
            18.79091,
            0.0
          ],
          [
            73.2983449,
            18.7911894,
            0.0
          ],
          [
            73.298248,
            18.7912244,
            0.0
          ],
          [
            73.2970677,
            18.7916862,
            0.0
          ],
          [
            73.2969246,
            18.7917361,
            0.0
          ],
          [
            73.2967789,
            18.7917879,
            0.0
          ],
          [
            73.2966144,
            18.791851,
            0.0
          ],
          [
            73.296152,
            18.7920286,
            0.0
          ],
          [
            73.2959561,
            18.7921038,
            0.0
          ],
          [
            73.2959032,
            18.792131,
            0.0
          ],
          [
            73.2957802,
            18.7921942,
            0.0
          ],
          [
            73.2954365,
            18.7923709,
            0.0
          ],
          [
            73.2950179,
            18.7926107,
            0.0
          ]
        ]
      }
    },
    {
      "type": "Feature",
      "id": 42680159,
      "properties": {
        "name": "Mumbai - Pune Expressway Missing Link",
        "ref": "MPE;NH48",
        "highway": "motorway",
        "bridge": "no",
        "tunnel": "no",
        "layer": "0",
        "lanes": "3",
        "maxspeed": "60",
        "oneway": "yes"
      },
      "geometry": {
        "type": "LineString",
        "coordinates": [
          [
            73.3317925,
            18.7720473,
            0.0
          ],
          [
            73.3297785,
            18.7726747,
            0.0
          ],
          [
            73.3293478,
            18.7727951,
            0.0
          ],
          [
            73.3290788,
            18.7728239,
            0.0
          ],
          [
            73.3287587,
            18.7728507,
            0.0
          ]
        ]
      }
    },
    {
      "type": "Feature",
      "id": 42680763,
      "properties": {
        "name": "Mumbai - Pune Expressway",
        "ref": "MPE;NH48",
        "highway": "motorway",
        "bridge": "no",
        "tunnel": "no",
        "layer": "0",
        "lanes": "3",
        "maxspeed": "60",
        "oneway": "yes"
      },
      "geometry": {
        "type": "LineString",
        "coordinates": [
          [
            73.3458412,
            18.7656149,
            0.0
          ],
          [
            73.3455674,
            18.7661645,
            0.0
          ],
          [
            73.3454546,
            18.7664608,
            0.0
          ],
          [
            73.3454093,
            18.7666083,
            0.0
          ],
          [
            73.3452598,
            18.7673808,
            0.0
          ],
          [
            73.3450889,
            18.7683141,
            0.0
          ],
          [
            73.344636,
            18.7701561,
            0.0
          ],
          [
            73.3445391,
            18.7703433,
            0.0
          ],
          [
            73.3444204,
            18.7704833,
            0.0
          ],
          [
            73.3442775,
            18.7706042,
            0.0
          ],
          [
            73.3441156,
            18.7707012,
            0.0
          ],
          [
            73.343939,
            18.7707716,
            0.0
          ],
          [
            73.3437527,
            18.7708137,
            0.0
          ],
          [
            73.3435615,
            18.7708261,
            0.0
          ],
          [
            73.3433708,
            18.7708087,
            0.0
          ],
          [
            73.3431857,
            18.7707618,
            0.0
          ],
          [
            73.3430113,
            18.7706868,
            0.0
          ],
          [
            73.3428523,
            18.7705857,
            0.0
          ],
          [
            73.3427096,
            18.7704581,
            0.0
          ],
          [
            73.3405425,
            18.7684189,
            0.0
          ],
          [
            73.340446,
            18.7683281,
            0.0
          ],
          [
            73.3402998,
            18.7682408,
            0.0
          ],
          [
            73.340082,
            18.7681754,
            0.0
          ],
          [
            73.3399813,
            18.7681452,
            0.0
          ],
          [
            73.3397241,
            18.7681291,
            0.0
          ],
          [
            73.3394363,
            18.7682065,
            0.0
          ]
        ]
      }
    },
    {
      "type": "Feature",
      "id": 42680772,
      "properties": {
        "name": "Adoshi Tunnel",
        "ref": "MPE;NH48",
        "highway": "motorway",
        "bridge": "no",
        "tunnel": "yes",
        "layer": "-1",
        "lanes": "3",
        "maxspeed": "60",
        "oneway": "yes"
      },
      "geometry": {
        "type": "LineString",
        "coordinates": [
          [
            73.3472332,
            18.7633788,
            0.0
          ],
          [
            73.3458412,
            18.7656149,
            0.0
          ]
        ]
      }
    },
    {
      "type": "Feature",
      "id": 42815725,
      "properties": {
        "name": "NH548A",
        "ref": "NH548A",
        "highway": "trunk",
        "bridge": "no",
        "tunnel": "no",
        "layer": "0",
        "lanes": "2",
        "maxspeed": "60",
        "oneway": "no"
      },
      "geometry": {
        "type": "LineString",
        "coordinates": [
          [
            73.3017435,
            18.7129807,
            0.0
          ],
          [
            73.3017933,
            18.7122171,
            0.0
          ],
          [
            73.3017957,
            18.7114887,
            0.0
          ],
          [
            73.3017966,
            18.7112171,
            0.0
          ],
          [
            73.3017214,
            18.7108307,
            0.0
          ],
          [
            73.3016342,
            18.7106452,
            0.0
          ],
          [
            73.3015135,
            18.7104687,
            0.0
          ],
          [
            73.3009726,
            18.7098026,
            0.0
          ],
          [
            73.3007973,
            18.7095579,
            0.0
          ],
          [
            73.3007046,
            18.7094016,
            0.0
          ],
          [
            73.3001,
            18.7083817,
            0.0
          ],
          [
            73.29988,
            18.7080489,
            0.0
          ],
          [
            73.2997195,
            18.7077783,
            0.0
          ],
          [
            73.2992302,
            18.7065995,
            0.0
          ],
          [
            73.298844,
            18.7052825,
            0.0
          ],
          [
            73.2987696,
            18.7049723,
            0.0
          ],
          [
            73.2986516,
            18.7046598,
            0.0
          ],
          [
            73.2985496,
            18.7045023,
            0.0
          ],
          [
            73.2983118,
            18.7042257,
            0.0
          ],
          [
            73.2973722,
            18.7029119,
            0.0
          ],
          [
            73.2973078,
            18.7027798,
            0.0
          ],
          [
            73.2967257,
            18.7012046,
            0.0
          ],
          [
            73.2966623,
            18.7009782,
            0.0
          ],
          [
            73.2965783,
            18.7006783,
            0.0
          ],
          [
            73.2964493,
            18.7002177,
            0.0
          ],
          [
            73.29642,
            18.7000309,
            0.0
          ],
          [
            73.2964165,
            18.699982,
            0.0
          ],
          [
            73.2963481,
            18.6990358,
            0.0
          ],
          [
            73.2963377,
            18.6988925,
            0.0
          ],
          [
            73.2960632,
            18.6962707,
            0.0
          ],
          [
            73.2960203,
            18.6960421,
            0.0
          ],
          [
            73.2959452,
            18.6958388,
            0.0
          ],
          [
            73.29529,
            18.69461,
            0.0
          ],
          [
            73.2951504,
            18.694327,
            0.0
          ],
          [
            73.2951003,
            18.6942255,
            0.0
          ],
          [
            73.2950674,
            18.6939737,
            0.0
          ],
          [
            73.2951057,
            18.6937555,
            0.0
          ],
          [
            73.2954201,
            18.6927787,
            0.0
          ],
          [
            73.2955996,
            18.6922013,
            0.0
          ],
          [
            73.2958621,
            18.6909454,
            0.0
          ],
          [
            73.295901,
            18.690812,
            0.0
          ],
          [
            73.2959694,
            18.6906735,
            0.0
          ],
          [
            73.2967669,
            18.6894451,
            0.0
          ],
          [
            73.2972702,
            18.6886879,
            0.0
          ],
          [
            73.2973614,
            18.6885304,
            0.0
          ],
          [
            73.2974245,
            18.6883856,
            0.0
          ],
          [
            73.2974848,
            18.6881417,
            0.0
          ],
          [
            73.2974897,
            18.6880868,
            0.0
          ],
          [
            73.2975103,
            18.6878571,
            0.0
          ],
          [
            73.2975823,
            18.6866482,
            0.0
          ],
          [
            73.2976967,
            18.685592,
            0.0
          ],
          [
            73.2978013,
            18.6850736,
            0.0
          ],
          [
            73.2978281,
            18.6847763,
            0.0
          ],
          [
            73.2978147,
            18.6845096,
            0.0
          ],
          [
            73.2978093,
            18.6844584,
            0.0
          ],
          [
            73.2977504,
            18.6838998,
            0.0
          ],
          [
            73.2977557,
            18.683638,
            0.0
          ],
          [
            73.2978174,
            18.683323,
            0.0
          ],
          [
            73.2980722,
            18.6825912,
            0.0
          ],
          [
            73.2981205,
            18.6824197,
            0.0
          ],
          [
            73.2982912,
            18.6811143,
            0.0
          ],
          [
            73.2983118,
            18.6809567,
            0.0
          ],
          [
            73.298378,
            18.6803679,
            0.0
          ],
          [
            73.2984531,
            18.6800224,
            0.0
          ],
          [
            73.2987025,
            18.6794151,
            0.0
          ],
          [
            73.2987189,
            18.679366,
            0.0
          ],
          [
            73.2987723,
            18.6792067,
            0.0
          ],
          [
            73.2988206,
            18.6788383,
            0.0
          ],
          [
            73.2988179,
            18.6783453,
            0.0
          ],
          [
            73.2988071,
            18.6780684,
            0.0
          ],
          [
            73.2987064,
            18.6771403,
            0.0
          ],
          [
            73.2985092,
            18.6753219,
            0.0
          ],
          [
            73.2985006,
            18.6752398,
            0.0
          ],
          [
            73.2984497,
            18.674752,
            0.0
          ],
          [
            73.2983548,
            18.673842,
            0.0
          ],
          [
            73.2980239,
            18.6714897,
            0.0
          ],
          [
            73.2979944,
            18.6713728,
            0.0
          ],
          [
            73.297981,
            18.6713195,
            0.0
          ],
          [
            73.2974926,
            18.6697289,
            0.0
          ],
          [
            73.2966185,
            18.6674825,
            0.0
          ],
          [
            73.2965862,
            18.6673926,
            0.0
          ],
          [
            73.2965353,
            18.6672512,
            0.0
          ],
          [
            73.2965179,
            18.6670899,
            0.0
          ],
          [
            73.296538,
            18.6669819,
            0.0
          ],
          [
            73.2967029,
            18.6666515,
            0.0
          ],
          [
            73.2967512,
            18.666513,
            0.0
          ],
          [
            73.2967713,
            18.666325,
            0.0
          ],
          [
            73.2967955,
            18.6659553,
            0.0
          ],
          [
            73.2968124,
            18.665705,
            0.0
          ],
          [
            73.2968169,
            18.6656389,
            0.0
          ],
          [
            73.2968089,
            18.6654725,
            0.0
          ],
          [
            73.2967806,
            18.6653344,
            0.0
          ],
          [
            73.2967553,
            18.6652107,
            0.0
          ],
          [
            73.2966238,
            18.6648829,
            0.0
          ],
          [
            73.2964629,
            18.664672,
            0.0
          ],
          [
            73.2961334,
            18.6642266,
            0.0
          ],
          [
            73.2958056,
            18.6637834,
            0.0
          ],
          [
            73.2955804,
            18.6632642,
            0.0
          ],
          [
            73.2954986,
            18.6630329,
            0.0
          ],
          [
            73.2954678,
            18.6628919,
            0.0
          ],
          [
            73.2954623,
            18.6627425,
            0.0
          ],
          [
            73.2956082,
            18.6616854,
            0.0
          ],
          [
            73.2956421,
            18.6603342,
            0.0
          ],
          [
            73.2956127,
            18.660104,
            0.0
          ],
          [
            73.2955617,
            18.659704,
            0.0
          ],
          [
            73.29529,
            18.65891,
            0.0
          ],
          [
            73.2945633,
            18.6567247,
            0.0
          ],
          [
            73.29392,
            18.65479,
            0.0
          ],
          [
            73.2934538,
            18.6537811,
            0.0
          ],
          [
            73.2932764,
            18.6532085,
            0.0
          ],
          [
            73.2932015,
            18.6527351,
            0.0
          ],
          [
            73.2931799,
            18.6525986,
            0.0
          ],
          [
            73.2931772,
            18.6522352,
            0.0
          ],
          [
            73.2932478,
            18.6517643,
            0.0
          ],
          [
            73.2933779,
            18.6513517,
            0.0
          ]
        ]
      }
    },
    {
      "type": "Feature",
      "id": 67062477,
      "properties": {
        "name": "Khopoli Exit",
        "ref": "NH48",
        "highway": "trunk",
        "bridge": "no",
        "tunnel": "no",
        "layer": "0",
        "lanes": "2",
        "maxspeed": "25",
        "oneway": "yes"
      },
      "geometry": {
        "type": "LineString",
        "coordinates": [
          [
            73.3394363,
            18.7682065,
            0.0
          ],
          [
            73.3392619,
            18.7683703,
            0.0
          ],
          [
            73.3391574,
            18.768485,
            0.0
          ],
          [
            73.3390146,
            18.7686274,
            0.0
          ],
          [
            73.3388089,
            18.7688455,
            0.0
          ],
          [
            73.3385922,
            18.7690591,
            0.0
          ],
          [
            73.3383739,
            18.769285,
            0.0
          ],
          [
            73.3382355,
            18.7694143,
            0.0
          ],
          [
            73.3380612,
            18.7695596,
            0.0
          ],
          [
            73.3378554,
            18.7697061,
            0.0
          ],
          [
            73.3375929,
            18.7698632,
            0.0
          ],
          [
            73.3375095,
            18.769894,
            0.0
          ],
          [
            73.3372839,
            18.7699778,
            0.0
          ],
          [
            73.3370132,
            18.7700733,
            0.0
          ],
          [
            73.3367983,
            18.7701452,
            0.0
          ],
          [
            73.3367396,
            18.7701727,
            0.0
          ],
          [
            73.3366554,
            18.7702547,
            0.0
          ],
          [
            73.3366267,
            18.7703321,
            0.0
          ],
          [
            73.3365984,
            18.7704441,
            0.0
          ]
        ]
      }
    },
    {
      "type": "Feature",
      "id": 67062483,
      "properties": {
        "name": "NH48",
        "ref": "NH48",
        "highway": "trunk",
        "bridge": "no",
        "tunnel": "no",
        "layer": "0",
        "lanes": "2",
        "maxspeed": "60",
        "oneway": "yes"
      },
      "geometry": {
        "type": "LineString",
        "coordinates": [
          [
            73.3834687,
            18.7598413,
            0.0
          ],
          [
            73.3836583,
            18.759911,
            0.0
          ],
          [
            73.3837586,
            18.7599457,
            0.0
          ],
          [
            73.3840563,
            18.7600702,
            0.0
          ],
          [
            73.3842682,
            18.7601604,
            0.0
          ],
          [
            73.3845203,
            18.7602581,
            0.0
          ],
          [
            73.3846824,
            18.7602963,
            0.0
          ],
          [
            73.3848526,
            18.7603143,
            0.0
          ],
          [
            73.3849933,
            18.7603056,
            0.0
          ],
          [
            73.3850679,
            18.7603017,
            0.0
          ],
          [
            73.3852197,
            18.7602267,
            0.0
          ],
          [
            73.3853134,
            18.760162,
            0.0
          ],
          [
            73.3854042,
            18.7600581,
            0.0
          ],
          [
            73.3855017,
            18.7599559,
            0.0
          ],
          [
            73.385695,
            18.7599024,
            0.0
          ],
          [
            73.3860014,
            18.7599157,
            0.0
          ],
          [
            73.3864398,
            18.7599738,
            0.0
          ],
          [
            73.3866396,
            18.7600015,
            0.0
          ],
          [
            73.3868685,
            18.7600611,
            0.0
          ],
          [
            73.3872695,
            18.7602996,
            0.0
          ],
          [
            73.3874486,
            18.7603443,
            0.0
          ],
          [
            73.3876089,
            18.7603309,
            0.0
          ],
          [
            73.3879577,
            18.7602193,
            0.0
          ],
          [
            73.3884175,
            18.7600487,
            0.0
          ],
          [
            73.3890608,
            18.7598711,
            0.0
          ],
          [
            73.3894474,
            18.7597818,
            0.0
          ],
          [
            73.3899376,
            18.7597417,
            0.0
          ],
          [
            73.3907107,
            18.7597908,
            0.0
          ],
          [
            73.3909405,
            18.759794,
            0.0
          ],
          [
            73.3912104,
            18.7597774,
            0.0
          ],
          [
            73.3914414,
            18.7597015,
            0.0
          ],
          [
            73.3916394,
            18.7595631,
            0.0
          ],
          [
            73.3920165,
            18.7591971,
            0.0
          ],
          [
            73.3923984,
            18.7589739,
            0.0
          ],
          [
            73.3928321,
            18.7587641,
            0.0
          ],
          [
            73.3939911,
            18.7582889,
            0.0
          ],
          [
            73.3941437,
            18.7582281,
            0.0
          ]
        ]
      }
    },
    {
      "type": "Feature",
      "id": 67062549,
      "properties": {
        "name": "Mumbai Pune Highway",
        "ref": "NH48",
        "highway": "trunk",
        "bridge": "no",
        "tunnel": "no",
        "layer": "0",
        "lanes": "2",
        "maxspeed": "60",
        "oneway": "no"
      },
      "geometry": {
        "type": "LineString",
        "coordinates": [
          [
            73.3593371,
            18.7658319,
            0.0
          ],
          [
            73.3588703,
            18.7655025,
            0.0
          ],
          [
            73.3582695,
            18.765147,
            0.0
          ],
          [
            73.3578726,
            18.7650048,
            0.0
          ],
          [
            73.3571402,
            18.7647735,
            0.0
          ],
          [
            73.3567454,
            18.7645866,
            0.0
          ],
          [
            73.3563652,
            18.7643191,
            0.0
          ],
          [
            73.3560808,
            18.7640854,
            0.0
          ],
          [
            73.3559926,
            18.7639246,
            0.0
          ],
          [
            73.3558556,
            18.7636933,
            0.0
          ],
          [
            73.3557435,
            18.763345,
            0.0
          ],
          [
            73.3554693,
            18.7627851,
            0.0
          ],
          [
            73.3552601,
            18.7625058,
            0.0
          ],
          [
            73.3549601,
            18.7622704,
            0.0
          ],
          [
            73.3545788,
            18.7621299,
            0.0
          ],
          [
            73.3543803,
            18.7620943,
            0.0
          ],
          [
            73.354158,
            18.7620855,
            0.0
          ],
          [
            73.3540037,
            18.7621102,
            0.0
          ],
          [
            73.3539268,
            18.7621459,
            0.0
          ]
        ]
      }
    },
    {
      "type": "Feature",
      "id": 67068638,
      "properties": {
        "name": "Mumbai - Pune Expressway",
        "ref": "MPE",
        "highway": "motorway",
        "bridge": "yes",
        "tunnel": "no",
        "layer": "1",
        "lanes": "3",
        "maxspeed": "60",
        "oneway": "yes"
      },
      "geometry": {
        "type": "LineString",
        "coordinates": [
          [
            73.3801538,
            18.7598082,
            0.0
          ],
          [
            73.3799525,
            18.7596187,
            0.0
          ],
          [
            73.3781,
            18.7578138,
            0.0
          ],
          [
            73.3779908,
            18.7577183,
            0.0
          ],
          [
            73.3778881,
            18.7576462,
            0.0
          ],
          [
            73.3777423,
            18.7575741,
            0.0
          ],
          [
            73.3775808,
            18.7575246,
            0.0
          ],
          [
            73.3774231,
            18.7574977,
            0.0
          ],
          [
            73.3772635,
            18.7574925,
            0.0
          ],
          [
            73.3771277,
            18.7575055,
            0.0
          ],
          [
            73.377003,
            18.7575463,
            0.0
          ],
          [
            73.3768618,
            18.7576045,
            0.0
          ],
          [
            73.3767147,
            18.7576808,
            0.0
          ],
          [
            73.3758601,
            18.7581243,
            0.0
          ],
          [
            73.3757354,
            18.758189,
            0.0
          ],
          [
            73.3752906,
            18.7584165,
            0.0
          ],
          [
            73.3748134,
            18.7585745,
            0.0
          ]
        ]
      }
    },
    {
      "type": "Feature",
      "id": 67068639,
      "properties": {
        "name": "Mumbai - Pune Expressway",
        "ref": "MPE",
        "highway": "motorway",
        "bridge": "yes",
        "tunnel": "no",
        "layer": "1",
        "lanes": "3",
        "maxspeed": "60",
        "oneway": "yes"
      },
      "geometry": {
        "type": "LineString",
        "coordinates": [
          [
            73.3748411,
            18.7587103,
            0.0
          ],
          [
            73.3750482,
            18.758666,
            0.0
          ],
          [
            73.3753392,
            18.758547,
            0.0
          ],
          [
            73.3758137,
            18.7583347,
            0.0
          ],
          [
            73.3769116,
            18.7577936,
            0.0
          ],
          [
            73.3770617,
            18.7577204,
            0.0
          ],
          [
            73.377158,
            18.7576822,
            0.0
          ],
          [
            73.3772644,
            18.7576544,
            0.0
          ],
          [
            73.3773955,
            18.7576414,
            0.0
          ],
          [
            73.3775414,
            18.7576527,
            0.0
          ],
          [
            73.3776881,
            18.7576935,
            0.0
          ],
          [
            73.3778175,
            18.7577604,
            0.0
          ],
          [
            73.3779019,
            18.7578151,
            0.0
          ],
          [
            73.3779963,
            18.7578976,
            0.0
          ],
          [
            73.3798637,
            18.7597061,
            0.0
          ],
          [
            73.3800727,
            18.7598988,
            0.0
          ]
        ]
      }
    },
    {
      "type": "Feature",
      "id": 67068640,
      "properties": {
        "name": "Mumbai - Pune Expressway",
        "ref": "MPE",
        "highway": "motorway",
        "bridge": "no",
        "tunnel": "no",
        "layer": "0",
        "lanes": "3",
        "maxspeed": "60",
        "oneway": "yes"
      },
      "geometry": {
        "type": "LineString",
        "coordinates": [
          [
            73.3748134,
            18.7585745,
            0.0
          ],
          [
            73.3746693,
            18.7586132,
            0.0
          ],
          [
            73.3743944,
            18.7586411,
            0.0
          ],
          [
            73.374078,
            18.7586241,
            0.0
          ],
          [
            73.3738538,
            18.7585816,
            0.0
          ],
          [
            73.3736281,
            18.7584943,
            0.0
          ],
          [
            73.3734609,
            18.7583986,
            0.0
          ],
          [
            73.3732207,
            18.7582231,
            0.0
          ],
          [
            73.3730764,
            18.7581521,
            0.0
          ],
          [
            73.3730666,
            18.7581486,
            0.0
          ],
          [
            73.3728872,
            18.7580853,
            0.0
          ]
        ]
      }
    },
    {
      "type": "Feature",
      "id": 83268083,
      "properties": {
        "name": "Mumbai - Pune Expressway",
        "ref": "MPE",
        "highway": "motorway",
        "bridge": "no",
        "tunnel": "no",
        "layer": "0",
        "lanes": "3",
        "maxspeed": "60",
        "oneway": "yes"
      },
      "geometry": {
        "type": "LineString",
        "coordinates": [
          [
            73.3733965,
            18.7584876,
            0.0
          ],
          [
            73.3735768,
            18.7585909,
            0.0
          ],
          [
            73.3738208,
            18.7586853,
            0.0
          ],
          [
            73.3740635,
            18.7587313,
            0.0
          ],
          [
            73.3743879,
            18.7587487,
            0.0
          ],
          [
            73.3746894,
            18.7587331,
            0.0
          ],
          [
            73.3748411,
            18.7587103,
            0.0
          ]
        ]
      }
    },
    {
      "type": "Feature",
      "id": 83268086,
      "properties": {
        "name": "Mumbai - Pune Expressway",
        "ref": "MPE;NH48",
        "highway": "motorway",
        "bridge": "no",
        "tunnel": "no",
        "layer": "0",
        "lanes": "3",
        "maxspeed": "60",
        "oneway": "yes"
      },
      "geometry": {
        "type": "LineString",
        "coordinates": [
          [
            73.3523323,
            18.7645749,
            0.0
          ],
          [
            73.3522266,
            18.7646481,
            0.0
          ],
          [
            73.3520958,
            18.7647532,
            0.0
          ],
          [
            73.3520269,
            18.7648294,
            0.0
          ],
          [
            73.3519639,
            18.7649104,
            0.0
          ],
          [
            73.3518617,
            18.7650689,
            0.0
          ],
          [
            73.3517792,
            18.7652364,
            0.0
          ],
          [
            73.3516909,
            18.7653983,
            0.0
          ],
          [
            73.3516444,
            18.7654564,
            0.0
          ],
          [
            73.3515858,
            18.7654987,
            0.0
          ],
          [
            73.35153,
            18.7655283,
            0.0
          ],
          [
            73.3514726,
            18.7655445,
            0.0
          ],
          [
            73.3514073,
            18.7655523,
            0.0
          ],
          [
            73.3513429,
            18.7655497,
            0.0
          ],
          [
            73.3512774,
            18.7655376,
            0.0
          ],
          [
            73.3512142,
            18.7655143,
            0.0
          ],
          [
            73.3511678,
            18.7654846,
            0.0
          ],
          [
            73.3511263,
            18.7654519,
            0.0
          ],
          [
            73.3510624,
            18.7653921,
            0.0
          ],
          [
            73.3510053,
            18.7653228,
            0.0
          ],
          [
            73.3507966,
            18.7650096,
            0.0
          ],
          [
            73.3506119,
            18.7646786,
            0.0
          ],
          [
            73.3504179,
            18.7642768,
            0.0
          ],
          [
            73.3503807,
            18.7641874,
            0.0
          ],
          [
            73.3503582,
            18.7641429,
            0.0
          ],
          [
            73.3503329,
            18.7641021,
            0.0
          ],
          [
            73.3502622,
            18.7640137,
            0.0
          ],
          [
            73.350182,
            18.7639291,
            0.0
          ],
          [
            73.350142,
            18.763898,
            0.0
          ],
          [
            73.3500966,
            18.7638697,
            0.0
          ],
          [
            73.3500513,
            18.7638403,
            0.0
          ],
          [
            73.3500061,
            18.7638159,
            0.0
          ],
          [
            73.3496626,
            18.7636816,
            0.0
          ],
          [
            73.3495208,
            18.7636151,
            0.0
          ],
          [
            73.3493828,
            18.763539,
            0.0
          ],
          [
            73.3486298,
            18.7630195,
            0.0
          ],
          [
            73.3484779,
            18.7629147,
            0.0
          ],
          [
            73.3482122,
            18.7627524,
            0.0
          ],
          [
            73.3480184,
            18.7627412,
            0.0
          ],
          [
            73.3477318,
            18.7627795,
            0.0
          ],
          [
            73.347546,
            18.7629364,
            0.0
          ],
          [
            73.3472332,
            18.7633788,
            0.0
          ]
        ]
      }
    },
    {
      "type": "Feature",
      "id": 83268218,
      "properties": {
        "name": "Mumbai - Pune Expressway",
        "ref": "MPE;NH48",
        "highway": "motorway",
        "bridge": "yes",
        "tunnel": "no",
        "layer": "1",
        "lanes": "3",
        "maxspeed": "60",
        "oneway": "yes"
      },
      "geometry": {
        "type": "LineString",
        "coordinates": [
          [
            73.3530105,
            18.7645392,
            0.0
          ],
          [
            73.3528323,
            18.7645055,
            0.0
          ],
          [
            73.3526509,
            18.7644993,
            0.0
          ],
          [
            73.3524918,
            18.7645208,
            0.0
          ],
          [
            73.3523323,
            18.7645749,
            0.0
          ]
        ]
      }
    },
    {
      "type": "Feature",
      "id": 83268222,
      "properties": {
        "name": "Mumbai - Pune Expressway",
        "ref": "MPE;NH48",
        "highway": "motorway",
        "bridge": "yes",
        "tunnel": "no",
        "layer": "1",
        "lanes": "3",
        "maxspeed": "60",
        "oneway": "yes"
      },
      "geometry": {
        "type": "LineString",
        "coordinates": [
          [
            73.3518469,
            18.7654982,
            0.0
          ],
          [
            73.3519099,
            18.7653665,
            0.0
          ],
          [
            73.3520436,
            18.7650877,
            0.0
          ],
          [
            73.3521089,
            18.7649884,
            0.0
          ],
          [
            73.3522045,
            18.7648786,
            0.0
          ],
          [
            73.3523008,
            18.7647976,
            0.0
          ],
          [
            73.3524182,
            18.764727,
            0.0
          ],
          [
            73.3525309,
            18.7646872,
            0.0
          ],
          [
            73.3526514,
            18.7646629,
            0.0
          ],
          [
            73.3528224,
            18.7646703,
            0.0
          ],
          [
            73.3529406,
            18.7646887,
            0.0
          ]
        ]
      }
    },
    {
      "type": "Feature",
      "id": 83268232,
      "properties": {
        "name": "Mumbai - Pune Expressway",
        "ref": "MPE;NH48",
        "highway": "motorway",
        "bridge": "no",
        "tunnel": "no",
        "layer": "0",
        "lanes": "3",
        "maxspeed": "60",
        "oneway": "yes"
      },
      "geometry": {
        "type": "LineString",
        "coordinates": [
          [
            73.328754,
            18.7730378,
            0.0
          ],
          [
            73.3291401,
            18.7730044,
            0.0
          ],
          [
            73.3294432,
            18.7729712,
            0.0
          ],
          [
            73.329843,
            18.7728749,
            0.0
          ],
          [
            73.3318245,
            18.7722394,
            0.0
          ],
          [
            73.3330715,
            18.7718395,
            0.0
          ],
          [
            73.3335931,
            18.7716607,
            0.0
          ],
          [
            73.3343618,
            18.7713972,
            0.0
          ],
          [
            73.3365592,
            18.7706925,
            0.0
          ],
          [
            73.3369871,
            18.7705278,
            0.0
          ],
          [
            73.337325,
            18.7703678,
            0.0
          ],
          [
            73.3376662,
            18.7701848,
            0.0
          ],
          [
            73.3379521,
            18.7700038,
            0.0
          ],
          [
            73.3382605,
            18.7697566,
            0.0
          ],
          [
            73.3391005,
            18.7689383,
            0.0
          ],
          [
            73.3392361,
            18.768797,
            0.0
          ],
          [
            73.3394459,
            18.7685323,
            0.0
          ],
          [
            73.3395575,
            18.7684192,
            0.0
          ],
          [
            73.3396988,
            18.7683404,
            0.0
          ],
          [
            73.3398069,
            18.768312,
            0.0
          ],
          [
            73.339971,
            18.7683013,
            0.0
          ],
          [
            73.3400333,
            18.7683012,
            0.0
          ],
          [
            73.3401345,
            18.7683174,
            0.0
          ],
          [
            73.3401928,
            18.7683267,
            0.0
          ],
          [
            73.3402486,
            18.7683521,
            0.0
          ],
          [
            73.3403605,
            18.768425,
            0.0
          ],
          [
            73.3423354,
            18.7702834,
            0.0
          ],
          [
            73.3426171,
            18.7705485,
            0.0
          ],
          [
            73.3427691,
            18.7706843,
            0.0
          ],
          [
            73.3429464,
            18.770797,
            0.0
          ],
          [
            73.3431408,
            18.7708807,
            0.0
          ],
          [
            73.3433471,
            18.7709329,
            0.0
          ],
          [
            73.3435597,
            18.7709523,
            0.0
          ],
          [
            73.3437728,
            18.7709384,
            0.0
          ],
          [
            73.343875,
            18.7709213,
            0.0
          ],
          [
            73.3439805,
            18.7708916,
            0.0
          ],
          [
            73.3441773,
            18.770813,
            0.0
          ],
          [
            73.3443578,
            18.7707049,
            0.0
          ],
          [
            73.344517,
            18.7705702,
            0.0
          ],
          [
            73.3446519,
            18.7704111,
            0.0
          ],
          [
            73.344711,
            18.7703053,
            0.0
          ],
          [
            73.3447619,
            18.7701986,
            0.0
          ],
          [
            73.3452081,
            18.7682711,
            0.0
          ],
          [
            73.3454364,
            18.7673274,
            0.0
          ],
          [
            73.3455525,
            18.7668729,
            0.0
          ],
          [
            73.3455922,
            18.7667175,
            0.0
          ],
          [
            73.3458694,
            18.7661239,
            0.0
          ],
          [
            73.3460656,
            18.7656689,
            0.0
          ],
          [
            73.3463195,
            18.7652418,
            0.0
          ],
          [
            73.3464516,
            18.7650128,
            0.0
          ],
          [
            73.3467712,
            18.7644585,
            0.0
          ],
          [
            73.3470102,
            18.764014,
            0.0
          ],
          [
            73.3473365,
            18.7634746,
            0.0
          ],
          [
            73.3474366,
            18.7632841,
            0.0
          ],
          [
            73.3476992,
            18.7629865,
            0.0
          ],
          [
            73.3478807,
            18.7628794,
            0.0
          ],
          [
            73.3480588,
            18.7628825,
            0.0
          ],
          [
            73.3483586,
            18.7630089,
            0.0
          ],
          [
            73.3490261,
            18.7634455,
            0.0
          ],
          [
            73.349322,
            18.7636304,
            0.0
          ],
          [
            73.3496138,
            18.7637791,
            0.0
          ],
          [
            73.3499518,
            18.7639113,
            0.0
          ],
          [
            73.3501057,
            18.7640104,
            0.0
          ],
          [
            73.3502401,
            18.7641569,
            0.0
          ],
          [
            73.3503138,
            18.7643204,
            0.0
          ],
          [
            73.3505097,
            18.7647263,
            0.0
          ],
          [
            73.3506677,
            18.765067,
            0.0
          ],
          [
            73.3508313,
            18.7653261,
            0.0
          ],
          [
            73.3509412,
            18.7655254,
            0.0
          ],
          [
            73.3510713,
            18.7656575,
            0.0
          ],
          [
            73.3511871,
            18.7657264,
            0.0
          ],
          [
            73.3512624,
            18.7657631,
            0.0
          ],
          [
            73.3513332,
            18.7657771,
            0.0
          ],
          [
            73.3514055,
            18.765772,
            0.0
          ],
          [
            73.3515081,
            18.7657477,
            0.0
          ],
          [
            73.3516083,
            18.7657065,
            0.0
          ],
          [
            73.3516923,
            18.7656491,
            0.0
          ],
          [
            73.3517739,
            18.7655865,
            0.0
          ],
          [
            73.3518469,
            18.7654982,
            0.0
          ]
        ]
      }
    },
    {
      "type": "Feature",
      "id": 83268237,
      "properties": {
        "name": "Mumbai - Pune Expressway",
        "ref": "MPE",
        "highway": "motorway",
        "bridge": "no",
        "tunnel": "no",
        "layer": "0",
        "lanes": "3",
        "maxspeed": "100",
        "oneway": "yes"
      },
      "geometry": {
        "type": "LineString",
        "coordinates": [
          [
            73.2852158,
            18.8009731,
            0.0
          ],
          [
            73.2849298,
            18.8014771,
            0.0
          ],
          [
            73.2845077,
            18.8022674,
            0.0
          ],
          [
            73.2842028,
            18.8027504,
            0.0
          ],
          [
            73.284181,
            18.802785,
            0.0
          ],
          [
            73.2832043,
            18.8043322,
            0.0
          ],
          [
            73.2831494,
            18.8044192,
            0.0
          ],
          [
            73.2829243,
            18.8048739,
            0.0
          ]
        ]
      }
    },
    {
      "type": "Feature",
      "id": 83268251,
      "properties": {
        "name": "Mumbai - Pune Expressway",
        "ref": "MPE;NH48",
        "highway": "motorway",
        "bridge": "no",
        "tunnel": "no",
        "layer": "0",
        "lanes": "3",
        "maxspeed": "60",
        "oneway": "yes"
      },
      "geometry": {
        "type": "LineString",
        "coordinates": [
          [
            73.3538575,
            18.7627731,
            0.0
          ],
          [
            73.3537412,
            18.7629007,
            0.0
          ],
          [
            73.3536622,
            18.7630409,
            0.0
          ],
          [
            73.3536101,
            18.763192,
            0.0
          ],
          [
            73.3535864,
            18.7633493,
            0.0
          ],
          [
            73.3535919,
            18.7635082,
            0.0
          ],
          [
            73.353626,
            18.7636625,
            0.0
          ],
          [
            73.3536806,
            18.7638098,
            0.0
          ],
          [
            73.3537912,
            18.7640173,
            0.0
          ],
          [
            73.3539006,
            18.7641711,
            0.0
          ],
          [
            73.3540252,
            18.7643203,
            0.0
          ],
          [
            73.3541528,
            18.7644412,
            0.0
          ],
          [
            73.3543068,
            18.7645507,
            0.0
          ],
          [
            73.3559346,
            18.7657518,
            0.0
          ],
          [
            73.3562423,
            18.7659406,
            0.0
          ],
          [
            73.3567186,
            18.7661945,
            0.0
          ],
          [
            73.3571879,
            18.7664559,
            0.0
          ],
          [
            73.3574356,
            18.766633,
            0.0
          ],
          [
            73.357715,
            18.7668327,
            0.0
          ],
          [
            73.3582,
            18.7672722,
            0.0
          ],
          [
            73.3585304,
            18.7676352,
            0.0
          ],
          [
            73.3587906,
            18.7679677,
            0.0
          ],
          [
            73.3591243,
            18.7684849,
            0.0
          ],
          [
            73.3605101,
            18.7709186,
            0.0
          ],
          [
            73.3605966,
            18.7711166,
            0.0
          ],
          [
            73.3606107,
            18.7712154,
            0.0
          ],
          [
            73.360607,
            18.7713177,
            0.0
          ],
          [
            73.3605852,
            18.771418,
            0.0
          ],
          [
            73.360546,
            18.7715134,
            0.0
          ],
          [
            73.3604904,
            18.7716012,
            0.0
          ],
          [
            73.3604201,
            18.7716789,
            0.0
          ],
          [
            73.360337,
            18.7717443,
            0.0
          ],
          [
            73.3602434,
            18.7717957,
            0.0
          ],
          [
            73.3601421,
            18.7718314,
            0.0
          ],
          [
            73.3600359,
            18.7718506,
            0.0
          ],
          [
            73.3599278,
            18.7718526,
            0.0
          ],
          [
            73.3598209,
            18.7718374,
            0.0
          ],
          [
            73.3597182,
            18.7718054,
            0.0
          ],
          [
            73.3596227,
            18.7717576,
            0.0
          ],
          [
            73.3595369,
            18.7716953,
            0.0
          ],
          [
            73.3594629,
            18.7716198,
            0.0
          ],
          [
            73.3593209,
            18.7714235,
            0.0
          ],
          [
            73.3581017,
            18.7692426,
            0.0
          ],
          [
            73.3579372,
            18.769008,
            0.0
          ],
          [
            73.3577795,
            18.7688512,
            0.0
          ],
          [
            73.3576172,
            18.7687427,
            0.0
          ],
          [
            73.3574495,
            18.7686573,
            0.0
          ],
          [
            73.3571481,
            18.768554,
            0.0
          ],
          [
            73.3568559,
            18.7684603,
            0.0
          ],
          [
            73.3566769,
            18.7683797,
            0.0
          ],
          [
            73.3565162,
            18.7682669,
            0.0
          ],
          [
            73.3563777,
            18.768133,
            0.0
          ],
          [
            73.3562367,
            18.7679714,
            0.0
          ],
          [
            73.3551772,
            18.766608,
            0.0
          ],
          [
            73.3546424,
            18.7659913,
            0.0
          ],
          [
            73.3544486,
            18.7658033,
            0.0
          ]
        ]
      }
    },
    {
      "type": "Feature",
      "id": 83268273,
      "properties": {
        "name": "Old NH4",
        "ref": "NH48",
        "highway": "trunk",
        "bridge": "no",
        "tunnel": "no",
        "layer": "0",
        "lanes": "2",
        "maxspeed": "60",
        "oneway": "no"
      },
      "geometry": {
        "type": "LineString",
        "coordinates": [
          [
            73.3539268,
            18.7621459,
            0.0
          ],
          [
            73.3537378,
            18.7622084,
            0.0
          ],
          [
            73.3536117,
            18.7622907,
            0.0
          ],
          [
            73.3534977,
            18.7624009,
            0.0
          ],
          [
            73.3532772,
            18.7626038,
            0.0
          ],
          [
            73.3531298,
            18.7627392,
            0.0
          ],
          [
            73.3529126,
            18.7629221,
            0.0
          ],
          [
            73.3528008,
            18.7630137,
            0.0
          ],
          [
            73.3527203,
            18.7630522,
            0.0
          ],
          [
            73.3526385,
            18.7630506,
            0.0
          ],
          [
            73.3525643,
            18.7630227,
            0.0
          ],
          [
            73.3525211,
            18.7629614,
            0.0
          ],
          [
            73.3524652,
            18.762817,
            0.0
          ],
          [
            73.3523884,
            18.7625325,
            0.0
          ],
          [
            73.3523179,
            18.7623489,
            0.0
          ],
          [
            73.3522312,
            18.7622354,
            0.0
          ],
          [
            73.3521264,
            18.7621812,
            0.0
          ],
          [
            73.3519918,
            18.762164,
            0.0
          ],
          [
            73.3518243,
            18.7621731,
            0.0
          ],
          [
            73.3517359,
            18.7621826,
            0.0
          ],
          [
            73.3515786,
            18.7622378,
            0.0
          ],
          [
            73.3514996,
            18.7622811,
            0.0
          ],
          [
            73.3514014,
            18.7624242,
            0.0
          ],
          [
            73.3513677,
            18.7625678,
            0.0
          ],
          [
            73.351388,
            18.762871,
            0.0
          ],
          [
            73.3514177,
            18.7630976,
            0.0
          ],
          [
            73.3514141,
            18.7633245,
            0.0
          ],
          [
            73.3513773,
            18.7635686,
            0.0
          ],
          [
            73.3513496,
            18.7639485,
            0.0
          ],
          [
            73.3513574,
            18.7643179,
            0.0
          ],
          [
            73.3513188,
            18.7646515,
            0.0
          ],
          [
            73.3512408,
            18.7648543,
            0.0
          ],
          [
            73.3512124,
            18.7649836,
            0.0
          ],
          [
            73.3512174,
            18.7650529,
            0.0
          ],
          [
            73.3512665,
            18.7651475,
            0.0
          ],
          [
            73.3513367,
            18.7651985,
            0.0
          ],
          [
            73.3514234,
            18.7652072,
            0.0
          ],
          [
            73.3515229,
            18.7651545,
            0.0
          ],
          [
            73.3515946,
            18.7650028,
            0.0
          ],
          [
            73.35165,
            18.7648221,
            0.0
          ],
          [
            73.3516989,
            18.7645831,
            0.0
          ],
          [
            73.3517617,
            18.7644414,
            0.0
          ],
          [
            73.3518459,
            18.7643721,
            0.0
          ]
        ]
      }
    },
    {
      "type": "Feature",
      "id": 91860402,
      "properties": {
        "name": "motorway_link",
        "ref": "",
        "highway": "motorway_link",
        "bridge": "no",
        "tunnel": "no",
        "layer": "0",
        "lanes": "2",
        "maxspeed": "60",
        "oneway": "yes"
      },
      "geometry": {
        "type": "LineString",
        "coordinates": [
          [
            73.3594183,
            18.766738,
            0.0
          ],
          [
            73.3595269,
            18.7668228,
            0.0
          ],
          [
            73.3596357,
            18.7668684,
            0.0
          ],
          [
            73.3597538,
            18.7669008,
            0.0
          ],
          [
            73.3598751,
            18.7669126,
            0.0
          ],
          [
            73.3599699,
            18.7669001,
            0.0
          ],
          [
            73.3601207,
            18.7668662,
            0.0
          ],
          [
            73.3602287,
            18.7668655,
            0.0
          ],
          [
            73.3603585,
            18.766903,
            0.0
          ],
          [
            73.3605298,
            18.766996,
            0.0
          ]
        ]
      }
    },
    {
      "type": "Feature",
      "id": 91860465,
      "properties": {
        "name": "motorway_link",
        "ref": "",
        "highway": "motorway_link",
        "bridge": "no",
        "tunnel": "no",
        "layer": "0",
        "lanes": "2",
        "maxspeed": "60",
        "oneway": "yes"
      },
      "geometry": {
        "type": "LineString",
        "coordinates": [
          [
            73.3604473,
            18.7667664,
            0.0
          ],
          [
            73.3602313,
            18.7666507,
            0.0
          ],
          [
            73.3601575,
            18.766625,
            0.0
          ],
          [
            73.3600868,
            18.7666257,
            0.0
          ],
          [
            73.3598147,
            18.7667052,
            0.0
          ],
          [
            73.3597331,
            18.766728,
            0.0
          ],
          [
            73.3596484,
            18.7667361,
            0.0
          ],
          [
            73.3595645,
            18.766725,
            0.0
          ],
          [
            73.3594782,
            18.766686,
            0.0
          ],
          [
            73.3594168,
            18.7666448,
            0.0
          ],
          [
            73.3593182,
            18.766543,
            0.0
          ]
        ]
      }
    },
    {
      "type": "Feature",
      "id": 97699116,
      "properties": {
        "name": "motorway_link",
        "ref": "",
        "highway": "motorway_link",
        "bridge": "yes",
        "tunnel": "no",
        "layer": "1",
        "lanes": "2",
        "maxspeed": "60",
        "oneway": "yes"
      },
      "geometry": {
        "type": "LineString",
        "coordinates": [
          [
            73.4255626,
            18.7606921,
            0.0
          ],
          [
            73.4263032,
            18.7606333,
            0.0
          ],
          [
            73.4268739,
            18.7605303,
            0.0
          ],
          [
            73.4277527,
            18.7603962,
            0.0
          ]
        ]
      }
    },
    {
      "type": "Feature",
      "id": 97699119,
      "properties": {
        "name": "motorway_link",
        "ref": "",
        "highway": "motorway_link",
        "bridge": "yes",
        "tunnel": "no",
        "layer": "1",
        "lanes": "2",
        "maxspeed": "60",
        "oneway": "yes"
      },
      "geometry": {
        "type": "LineString",
        "coordinates": [
          [
            73.4289336,
            18.7575425,
            0.0
          ],
          [
            73.4289228,
            18.7578671,
            0.0
          ],
          [
            73.4289147,
            18.7579581,
            0.0
          ],
          [
            73.4289042,
            18.7580417,
            0.0
          ],
          [
            73.4288879,
            18.7581175,
            0.0
          ],
          [
            73.4286922,
            18.758583,
            0.0
          ]
        ]
      }
    },
    {
      "type": "Feature",
      "id": 97699135,
      "properties": {
        "name": "NH48",
        "ref": "NH48",
        "highway": "trunk",
        "bridge": "no",
        "tunnel": "no",
        "layer": "0",
        "lanes": "1",
        "maxspeed": "60",
        "oneway": "yes"
      },
      "geometry": {
        "type": "LineString",
        "coordinates": [
          [
            73.3941437,
            18.7582281,
            0.0
          ],
          [
            73.3959959,
            18.7574365,
            0.0
          ],
          [
            73.3968811,
            18.7570149,
            0.0
          ],
          [
            73.3977881,
            18.7564787,
            0.0
          ],
          [
            73.3978949,
            18.7564155,
            0.0
          ],
          [
            73.3991003,
            18.7557184,
            0.0
          ],
          [
            73.3997257,
            18.7553376,
            0.0
          ],
          [
            73.4011876,
            18.754495,
            0.0
          ],
          [
            73.401439,
            18.7543702,
            0.0
          ],
          [
            73.401716,
            18.7542897,
            0.0
          ],
          [
            73.4025893,
            18.7542183,
            0.0
          ],
          [
            73.4029637,
            18.7541729,
            0.0
          ],
          [
            73.4034669,
            18.7541119,
            0.0
          ],
          [
            73.4036211,
            18.7540932,
            0.0
          ],
          [
            73.4042926,
            18.7540156,
            0.0
          ]
        ]
      }
    },
    {
      "type": "Feature",
      "id": 97699139,
      "properties": {
        "name": "motorway_link",
        "ref": "",
        "highway": "motorway_link",
        "bridge": "no",
        "tunnel": "no",
        "layer": "0",
        "lanes": "2",
        "maxspeed": "60",
        "oneway": "yes"
      },
      "geometry": {
        "type": "LineString",
        "coordinates": [
          [
            73.4293346,
            18.7574962,
            0.0
          ],
          [
            73.429273,
            18.7572389,
            0.0
          ],
          [
            73.429242,
            18.7568212,
            0.0
          ],
          [
            73.4291774,
            18.7562383,
            0.0
          ]
        ]
      }
    },
    {
      "type": "Feature",
      "id": 97699156,
      "properties": {
        "name": "motorway_link",
        "ref": "",
        "highway": "motorway_link",
        "bridge": "no",
        "tunnel": "no",
        "layer": "0",
        "lanes": "2",
        "maxspeed": "60",
        "oneway": "yes"
      },
      "geometry": {
        "type": "LineString",
        "coordinates": [
          [
            73.4294841,
            18.7607165,
            0.0
          ],
          [
            73.4297166,
            18.760669,
            0.0
          ],
          [
            73.4298414,
            18.7605946,
            0.0
          ],
          [
            73.4299358,
            18.7605043,
            0.0
          ],
          [
            73.4308602,
            18.7595389,
            0.0
          ]
        ]
      }
    },
    {
      "type": "Feature",
      "id": 97699157,
      "properties": {
        "name": "motorway_link",
        "ref": "",
        "highway": "motorway_link",
        "bridge": "no",
        "tunnel": "no",
        "layer": "0",
        "lanes": "2",
        "maxspeed": "60",
        "oneway": "yes"
      },
      "geometry": {
        "type": "LineString",
        "coordinates": [
          [
            73.4294733,
            18.7578665,
            0.0
          ],
          [
            73.4293937,
            18.7576678,
            0.0
          ]
        ]
      }
    },
    {
      "type": "Feature",
      "id": 97699158,
      "properties": {
        "name": "motorway_link",
        "ref": "",
        "highway": "motorway_link",
        "bridge": "no",
        "tunnel": "no",
        "layer": "0",
        "lanes": "2",
        "maxspeed": "60",
        "oneway": "yes"
      },
      "geometry": {
        "type": "LineString",
        "coordinates": [
          [
            73.425309,
            18.7603896,
            0.0
          ],
          [
            73.4254043,
            18.7605483,
            0.0
          ],
          [
            73.4254478,
            18.760588,
            0.0
          ],
          [
            73.425496,
            18.7606111,
            0.0
          ],
          [
            73.4255691,
            18.7606179,
            0.0
          ],
          [
            73.425655,
            18.7606121,
            0.0
          ],
          [
            73.4258568,
            18.7605737,
            0.0
          ],
          [
            73.4276285,
            18.7602395,
            0.0
          ],
          [
            73.4277872,
            18.7602226,
            0.0
          ],
          [
            73.4279199,
            18.7602226,
            0.0
          ],
          [
            73.4280773,
            18.7602641,
            0.0
          ],
          [
            73.4281799,
            18.7603016,
            0.0
          ],
          [
            73.4288312,
            18.7605565,
            0.0
          ],
          [
            73.429059,
            18.7606196,
            0.0
          ],
          [
            73.4292283,
            18.7606642,
            0.0
          ],
          [
            73.4292554,
            18.7606713,
            0.0
          ],
          [
            73.4294338,
            18.7607065,
            0.0
          ],
          [
            73.4294841,
            18.7607165,
            0.0
          ]
        ]
      }
    },
    {
      "type": "Feature",
      "id": 97699165,
      "properties": {
        "name": "motorway_link",
        "ref": "",
        "highway": "motorway_link",
        "bridge": "no",
        "tunnel": "no",
        "layer": "0",
        "lanes": "2",
        "maxspeed": "60",
        "oneway": "yes"
      },
      "geometry": {
        "type": "LineString",
        "coordinates": [
          [
            73.4310659,
            18.7591249,
            0.0
          ],
          [
            73.4307943,
            18.759054,
            0.0
          ],
          [
            73.4306708,
            18.7589814,
            0.0
          ],
          [
            73.430536,
            18.7589235,
            0.0
          ],
          [
            73.4304138,
            18.7588739,
            0.0
          ],
          [
            73.4302348,
            18.7588207,
            0.0
          ],
          [
            73.4301264,
            18.7588052,
            0.0
          ],
          [
            73.4300567,
            18.758805,
            0.0
          ],
          [
            73.4299309,
            18.7588132,
            0.0
          ],
          [
            73.4298168,
            18.7588416,
            0.0
          ],
          [
            73.4297242,
            18.7588634,
            0.0
          ],
          [
            73.4296091,
            18.7589321,
            0.0
          ],
          [
            73.4295249,
            18.7589963,
            0.0
          ],
          [
            73.4294543,
            18.7590686,
            0.0
          ],
          [
            73.4293303,
            18.7591591,
            0.0
          ],
          [
            73.4291628,
            18.7594306,
            0.0
          ]
        ]
      }
    },
    {
      "type": "Feature",
      "id": 97699166,
      "properties": {
        "name": "NH48",
        "ref": "NH48",
        "highway": "trunk",
        "bridge": "no",
        "tunnel": "no",
        "layer": "0",
        "lanes": "2",
        "maxspeed": "60",
        "oneway": "yes"
      },
      "geometry": {
        "type": "LineString",
        "coordinates": [
          [
            73.4653846,
            18.7606823,
            0.0
          ],
          [
            73.4651523,
            18.7606859,
            0.0
          ],
          [
            73.464983,
            18.7606718,
            0.0
          ],
          [
            73.4648363,
            18.7606456,
            0.0
          ],
          [
            73.4647662,
            18.7606315,
            0.0
          ],
          [
            73.4636376,
            18.7604046,
            0.0
          ],
          [
            73.4630205,
            18.7602805,
            0.0
          ],
          [
            73.4627212,
            18.7602152,
            0.0
          ],
          [
            73.462224,
            18.7601508,
            0.0
          ],
          [
            73.4620164,
            18.7601411,
            0.0
          ],
          [
            73.4613719,
            18.7601411,
            0.0
          ],
          [
            73.4610838,
            18.7601691,
            0.0
          ],
          [
            73.4607931,
            18.7602127,
            0.0
          ],
          [
            73.4566444,
            18.7609861,
            0.0
          ],
          [
            73.4537613,
            18.7615273,
            0.0
          ],
          [
            73.452412,
            18.7617628,
            0.0
          ],
          [
            73.4520693,
            18.7618045,
            0.0
          ],
          [
            73.4517638,
            18.7618057,
            0.0
          ],
          [
            73.4516341,
            18.7617964,
            0.0
          ],
          [
            73.4512944,
            18.7617722,
            0.0
          ],
          [
            73.4508384,
            18.7617074,
            0.0
          ],
          [
            73.4502615,
            18.7615979,
            0.0
          ],
          [
            73.4497729,
            18.7615013,
            0.0
          ],
          [
            73.4492306,
            18.7614271,
            0.0
          ],
          [
            73.448045,
            18.7612648,
            0.0
          ],
          [
            73.4465974,
            18.7610667,
            0.0
          ],
          [
            73.4454491,
            18.7609105,
            0.0
          ],
          [
            73.4423233,
            18.7604855,
            0.0
          ],
          [
            73.4407935,
            18.7602648,
            0.0
          ],
          [
            73.4397799,
            18.7601352,
            0.0
          ]
        ]
      }
    },
    {
      "type": "Feature",
      "id": 97699169,
      "properties": {
        "name": "Mumbai - Pune Expressway",
        "ref": "MPE",
        "highway": "motorway",
        "bridge": "yes",
        "tunnel": "no",
        "layer": "1",
        "lanes": "3",
        "maxspeed": "100",
        "oneway": "yes"
      },
      "geometry": {
        "type": "LineString",
        "coordinates": [
          [
            73.4290426,
            18.7575107,
            0.0
          ],
          [
            73.4290608,
            18.7584875,
            0.0
          ],
          [
            73.429058,
            18.7586275,
            0.0
          ],
          [
            73.4290473,
            18.7587617,
            0.0
          ],
          [
            73.4290208,
            18.7588934,
            0.0
          ],
          [
            73.4289845,
            18.7590144,
            0.0
          ],
          [
            73.428941,
            18.7591356,
            0.0
          ],
          [
            73.4288854,
            18.7592678,
            0.0
          ],
          [
            73.428826,
            18.7593816,
            0.0
          ],
          [
            73.4287454,
            18.7594978,
            0.0
          ],
          [
            73.4286427,
            18.7596178,
            0.0
          ],
          [
            73.4285152,
            18.7597386,
            0.0
          ],
          [
            73.4283899,
            18.759837,
            0.0
          ],
          [
            73.4282707,
            18.7599102,
            0.0
          ],
          [
            73.4281017,
            18.7599877,
            0.0
          ],
          [
            73.4279037,
            18.7600596,
            0.0
          ],
          [
            73.4277418,
            18.7601292,
            0.0
          ],
          [
            73.424985,
            18.7606372,
            0.0
          ],
          [
            73.42407,
            18.7608079,
            0.0
          ],
          [
            73.4228629,
            18.7610359,
            0.0
          ],
          [
            73.422545,
            18.7611225,
            0.0
          ],
          [
            73.4222026,
            18.7612152,
            0.0
          ],
          [
            73.4217079,
            18.7613843,
            0.0
          ],
          [
            73.4209357,
            18.7616483,
            0.0
          ]
        ]
      }
    },
    {
      "type": "Feature",
      "id": 97699172,
      "properties": {
        "name": "motorway_link",
        "ref": "",
        "highway": "motorway_link",
        "bridge": "no",
        "tunnel": "no",
        "layer": "0",
        "lanes": "2",
        "maxspeed": "60",
        "oneway": "yes"
      },
      "geometry": {
        "type": "LineString",
        "coordinates": [
          [
            73.4294841,
            18.7607165,
            0.0
          ],
          [
            73.429655,
            18.7605964,
            0.0
          ],
          [
            73.4298207,
            18.760451,
            0.0
          ],
          [
            73.4299695,
            18.7602923,
            0.0
          ]
        ]
      }
    },
    {
      "type": "Feature",
      "id": 97699173,
      "properties": {
        "name": "Mumbai - Pune Expressway",
        "ref": "MPE",
        "highway": "motorway",
        "bridge": "no",
        "tunnel": "no",
        "layer": "0",
        "lanes": "3",
        "maxspeed": "100",
        "oneway": "yes"
      },
      "geometry": {
        "type": "LineString",
        "coordinates": [
          [
            73.4291949,
            18.7575194,
            0.0
          ],
          [
            73.4291774,
            18.7562383,
            0.0
          ],
          [
            73.4291631,
            18.7556471,
            0.0
          ]
        ]
      }
    },
    {
      "type": "Feature",
      "id": 97699185,
      "properties": {
        "name": "motorway_link",
        "ref": "",
        "highway": "motorway_link",
        "bridge": "no",
        "tunnel": "no",
        "layer": "0",
        "lanes": "2",
        "maxspeed": "60",
        "oneway": "yes"
      },
      "geometry": {
        "type": "LineString",
        "coordinates": [
          [
            73.4290055,
            18.7564742,
            0.0
          ],
          [
            73.4289574,
            18.7570055,
            0.0
          ],
          [
            73.4289336,
            18.7575425,
            0.0
          ]
        ]
      }
    },
    {
      "type": "Feature",
      "id": 97699186,
      "properties": {
        "name": "motorway_link",
        "ref": "",
        "highway": "motorway_link",
        "bridge": "yes",
        "tunnel": "no",
        "layer": "1",
        "lanes": "2",
        "maxspeed": "60",
        "oneway": "yes"
      },
      "geometry": {
        "type": "LineString",
        "coordinates": [
          [
            73.4291628,
            18.7594306,
            0.0
          ],
          [
            73.4288459,
            18.7599205,
            0.0
          ]
        ]
      }
    },
    {
      "type": "Feature",
      "id": 97699194,
      "properties": {
        "name": "motorway_link",
        "ref": "",
        "highway": "motorway_link",
        "bridge": "no",
        "tunnel": "no",
        "layer": "0",
        "lanes": "2",
        "maxspeed": "60",
        "oneway": "yes"
      },
      "geometry": {
        "type": "LineString",
        "coordinates": [
          [
            73.4312786,
            18.7590858,
            0.0
          ],
          [
            73.4309888,
            18.7589387,
            0.0
          ],
          [
            73.4301191,
            18.7584518,
            0.0
          ],
          [
            73.4299711,
            18.7583566,
            0.0
          ],
          [
            73.4298772,
            18.7582915,
            0.0
          ],
          [
            73.4297534,
            18.7581999,
            0.0
          ],
          [
            73.4296586,
            18.7581001,
            0.0
          ],
          [
            73.4295493,
            18.7579691,
            0.0
          ],
          [
            73.4294733,
            18.7578665,
            0.0
          ]
        ]
      }
    },
    {
      "type": "Feature",
      "id": 97699196,
      "properties": {
        "name": "motorway_link",
        "ref": "",
        "highway": "motorway_link",
        "bridge": "no",
        "tunnel": "no",
        "layer": "0",
        "lanes": "2",
        "maxspeed": "60",
        "oneway": "yes"
      },
      "geometry": {
        "type": "LineString",
        "coordinates": [
          [
            73.4284058,
            18.7592633,
            0.0
          ],
          [
            73.4283008,
            18.7595092,
            0.0
          ],
          [
            73.428237,
            18.7596072,
            0.0
          ],
          [
            73.4281818,
            18.7596667,
            0.0
          ],
          [
            73.4281257,
            18.759708,
            0.0
          ],
          [
            73.4280541,
            18.7597345,
            0.0
          ],
          [
            73.4277727,
            18.7597995,
            0.0
          ],
          [
            73.4276894,
            18.7598188,
            0.0
          ],
          [
            73.4275133,
            18.7598628,
            0.0
          ],
          [
            73.426857,
            18.7600723,
            0.0
          ]
        ]
      }
    },
    {
      "type": "Feature",
      "id": 97699198,
      "properties": {
        "name": "Mumbai - Pune Expressway",
        "ref": "MPE",
        "highway": "motorway",
        "bridge": "no",
        "tunnel": "no",
        "layer": "0",
        "lanes": "3",
        "maxspeed": "100",
        "oneway": "yes"
      },
      "geometry": {
        "type": "LineString",
        "coordinates": [
          [
            73.4180352,
            18.7630054,
            0.0
          ],
          [
            73.4169113,
            18.7634419,
            0.0
          ],
          [
            73.4166832,
            18.763536,
            0.0
          ],
          [
            73.4163158,
            18.7636875,
            0.0
          ],
          [
            73.4141225,
            18.764707,
            0.0
          ],
          [
            73.4139645,
            18.7647862,
            0.0
          ]
        ]
      }
    },
    {
      "type": "Feature",
      "id": 97699199,
      "properties": {
        "name": "NH48",
        "ref": "NH48",
        "highway": "trunk",
        "bridge": "no",
        "tunnel": "no",
        "layer": "0",
        "lanes": "2",
        "maxspeed": "60",
        "oneway": "yes"
      },
      "geometry": {
        "type": "LineString",
        "coordinates": [
          [
            73.4397619,
            18.7602343,
            0.0
          ],
          [
            73.4398644,
            18.7602468,
            0.0
          ],
          [
            73.4407727,
            18.7603575,
            0.0
          ],
          [
            73.4423342,
            18.7605557,
            0.0
          ],
          [
            73.4454386,
            18.7609806,
            0.0
          ],
          [
            73.4460765,
            18.7610679,
            0.0
          ],
          [
            73.4465844,
            18.7611374,
            0.0
          ],
          [
            73.4480292,
            18.7613352,
            0.0
          ],
          [
            73.4497597,
            18.7615721,
            0.0
          ],
          [
            73.4502463,
            18.7616683,
            0.0
          ],
          [
            73.4508253,
            18.7617782,
            0.0
          ],
          [
            73.4512859,
            18.7618437,
            0.0
          ],
          [
            73.4517611,
            18.7618776,
            0.0
          ],
          [
            73.4520743,
            18.7618764,
            0.0
          ],
          [
            73.4524241,
            18.7618338,
            0.0
          ],
          [
            73.4537662,
            18.7615856,
            0.0
          ],
          [
            73.4544836,
            18.7614529,
            0.0
          ],
          [
            73.4608063,
            18.7602835,
            0.0
          ],
          [
            73.4610936,
            18.7602404,
            0.0
          ],
          [
            73.4613758,
            18.7602129,
            0.0
          ],
          [
            73.4620145,
            18.7602129,
            0.0
          ],
          [
            73.4622169,
            18.7602225,
            0.0
          ],
          [
            73.4627075,
            18.7602859,
            0.0
          ],
          [
            73.4630041,
            18.7603507,
            0.0
          ],
          [
            73.4636237,
            18.7604753,
            0.0
          ],
          [
            73.4648215,
            18.7607161,
            0.0
          ],
          [
            73.4649726,
            18.760743,
            0.0
          ],
          [
            73.4651496,
            18.7607578,
            0.0
          ],
          [
            73.4653858,
            18.7607542,
            0.0
          ]
        ]
      }
    },
    {
      "type": "Feature",
      "id": 97699201,
      "properties": {
        "name": "motorway_link",
        "ref": "",
        "highway": "motorway_link",
        "bridge": "no",
        "tunnel": "no",
        "layer": "0",
        "lanes": "2",
        "maxspeed": "60",
        "oneway": "yes"
      },
      "geometry": {
        "type": "LineString",
        "coordinates": [
          [
            73.4288619,
            18.7589645,
            0.0
          ],
          [
            73.4289015,
            18.7587813,
            0.0
          ],
          [
            73.4289248,
            18.7585413,
            0.0
          ],
          [
            73.428919,
            18.7584515,
            0.0
          ],
          [
            73.4289217,
            18.7583596,
            0.0
          ],
          [
            73.4289432,
            18.7583017,
            0.0
          ],
          [
            73.4290649,
            18.7582469,
            0.0
          ],
          [
            73.429304,
            18.7582406,
            0.0
          ],
          [
            73.429365,
            18.7582256,
            0.0
          ],
          [
            73.4294677,
            18.7582078,
            0.0
          ],
          [
            73.4295625,
            18.7582628,
            0.0
          ],
          [
            73.4296487,
            18.7583341,
            0.0
          ],
          [
            73.4297316,
            18.7583984,
            0.0
          ],
          [
            73.429803,
            18.7584872,
            0.0
          ],
          [
            73.4298377,
            18.7586251,
            0.0
          ],
          [
            73.4298199,
            18.7586886,
            0.0
          ],
          [
            73.4297775,
            18.7587404,
            0.0
          ],
          [
            73.4297228,
            18.7587779,
            0.0
          ],
          [
            73.4296133,
            18.7588285,
            0.0
          ],
          [
            73.4295476,
            18.7588647,
            0.0
          ],
          [
            73.4294642,
            18.7589412,
            0.0
          ],
          [
            73.4293711,
            18.7590487,
            0.0
          ],
          [
            73.4293303,
            18.7591591,
            0.0
          ]
        ]
      }
    },
    {
      "type": "Feature",
      "id": 130710858,
      "properties": {
        "name": "Mumbai - Pune Expressway",
        "ref": "MPE",
        "highway": "motorway",
        "bridge": "no",
        "tunnel": "no",
        "layer": "0",
        "lanes": "3",
        "maxspeed": "100",
        "oneway": "yes"
      },
      "geometry": {
        "type": "LineString",
        "coordinates": [
          [
            73.4301215,
            18.7448341,
            0.0
          ],
          [
            73.4307334,
            18.7478217,
            0.0
          ],
          [
            73.43088,
            18.7485333,
            0.0
          ],
          [
            73.4309259,
            18.7488676,
            0.0
          ],
          [
            73.4309488,
            18.7491946,
            0.0
          ],
          [
            73.4309301,
            18.749562,
            0.0
          ],
          [
            73.4308587,
            18.7499405,
            0.0
          ],
          [
            73.4307509,
            18.7503565,
            0.0
          ]
        ]
      }
    },
    {
      "type": "Feature",
      "id": 130710859,
      "properties": {
        "name": "motorway_link",
        "ref": "",
        "highway": "motorway_link",
        "bridge": "yes",
        "tunnel": "no",
        "layer": "1",
        "lanes": "2",
        "maxspeed": "60",
        "oneway": "yes"
      },
      "geometry": {
        "type": "LineString",
        "coordinates": [
          [
            73.4308602,
            18.7595389,
            0.0
          ],
          [
            73.4309526,
            18.759412,
            0.0
          ],
          [
            73.4309771,
            18.759302,
            0.0
          ],
          [
            73.4309887,
            18.759248,
            0.0
          ],
          [
            73.4309877,
            18.7591765,
            0.0
          ],
          [
            73.4309771,
            18.7591033,
            0.0
          ],
          [
            73.4309548,
            18.759052,
            0.0
          ],
          [
            73.4309229,
            18.7590034,
            0.0
          ],
          [
            73.4308668,
            18.758953,
            0.0
          ]
        ]
      }
    },
    {
      "type": "Feature",
      "id": 130710861,
      "properties": {
        "name": "Mumbai - Pune Expressway",
        "ref": "MPE",
        "highway": "motorway",
        "bridge": "yes",
        "tunnel": "no",
        "layer": "1",
        "lanes": "3",
        "maxspeed": "100",
        "oneway": "yes"
      },
      "geometry": {
        "type": "LineString",
        "coordinates": [
          [
            73.4299728,
            18.7441084,
            0.0
          ],
          [
            73.4301215,
            18.7448341,
            0.0
          ]
        ]
      }
    },
    {
      "type": "Feature",
      "id": 130710863,
      "properties": {
        "name": "Mumbai - Pune Expressway",
        "ref": "MPE",
        "highway": "motorway",
        "bridge": "yes",
        "tunnel": "no",
        "layer": "1",
        "lanes": "3",
        "maxspeed": "100",
        "oneway": "yes"
      },
      "geometry": {
        "type": "LineString",
        "coordinates": [
          [
            73.4302905,
            18.7448101,
            0.0
          ],
          [
            73.4301423,
            18.7440864,
            0.0
          ]
        ]
      }
    },
    {
      "type": "Feature",
      "id": 130710866,
      "properties": {
        "name": "motorway_link",
        "ref": "",
        "highway": "motorway_link",
        "bridge": "no",
        "tunnel": "no",
        "layer": "0",
        "lanes": "2",
        "maxspeed": "60",
        "oneway": "yes"
      },
      "geometry": {
        "type": "LineString",
        "coordinates": [
          [
            73.4308668,
            18.758953,
            0.0
          ],
          [
            73.4299585,
            18.7584367,
            0.0
          ],
          [
            73.4298997,
            18.758401,
            0.0
          ],
          [
            73.4298367,
            18.7583588,
            0.0
          ],
          [
            73.4297588,
            18.7582986,
            0.0
          ],
          [
            73.4297102,
            18.7582494,
            0.0
          ],
          [
            73.42965,
            18.7581788,
            0.0
          ],
          [
            73.4295549,
            18.7580518,
            0.0
          ],
          [
            73.4295083,
            18.7579627,
            0.0
          ],
          [
            73.4294733,
            18.7578665,
            0.0
          ]
        ]
      }
    },
    {
      "type": "Feature",
      "id": 130710867,
      "properties": {
        "name": "Mumbai - Pune Expressway",
        "ref": "MPE",
        "highway": "motorway",
        "bridge": "no",
        "tunnel": "no",
        "layer": "0",
        "lanes": "3",
        "maxspeed": "100",
        "oneway": "yes"
      },
      "geometry": {
        "type": "LineString",
        "coordinates": [
          [
            73.4443087,
            18.7334407,
            0.0
          ],
          [
            73.4444307,
            18.7334365,
            0.0
          ],
          [
            73.4446265,
            18.7334298,
            0.0
          ],
          [
            73.4452338,
            18.7334697,
            0.0
          ],
          [
            73.4458987,
            18.7335588,
            0.0
          ],
          [
            73.4464681,
            18.7336787,
            0.0
          ],
          [
            73.4470103,
            18.7338389,
            0.0
          ],
          [
            73.4479387,
            18.7341491,
            0.0
          ],
          [
            73.4672196,
            18.7407111,
            0.0
          ],
          [
            73.4680697,
            18.7409836,
            0.0
          ],
          [
            73.4684445,
            18.7410876,
            0.0
          ],
          [
            73.4687577,
            18.7411746,
            0.0
          ],
          [
            73.4694851,
            18.7413419,
            0.0
          ],
          [
            73.4701577,
            18.7414737,
            0.0
          ],
          [
            73.4806575,
            18.7433521,
            0.0
          ],
          [
            73.481746,
            18.7435468,
            0.0
          ],
          [
            73.4843568,
            18.7440138,
            0.0
          ],
          [
            73.5010099,
            18.7469928,
            0.0
          ],
          [
            73.5012036,
            18.7470274,
            0.0
          ],
          [
            73.5012087,
            18.7470283,
            0.0
          ],
          [
            73.504048,
            18.7475399,
            0.0
          ],
          [
            73.5049367,
            18.7476949,
            0.0
          ],
          [
            73.5054363,
            18.7477956,
            0.0
          ],
          [
            73.5056529,
            18.7478392,
            0.0
          ],
          [
            73.5064846,
            18.7480438,
            0.0
          ],
          [
            73.5180247,
            18.7512035,
            0.0
          ],
          [
            73.5187648,
            18.7513692,
            0.0
          ],
          [
            73.5193545,
            18.751475,
            0.0
          ],
          [
            73.5200889,
            18.7515603,
            0.0
          ],
          [
            73.5208963,
            18.7516048,
            0.0
          ],
          [
            73.521967,
            18.7515733,
            0.0
          ],
          [
            73.5228522,
            18.751475,
            0.0
          ],
          [
            73.5229421,
            18.7514589,
            0.0
          ],
          [
            73.5235152,
            18.7513561,
            0.0
          ],
          [
            73.5242007,
            18.7511855,
            0.0
          ],
          [
            73.5247047,
            18.7510314,
            0.0
          ],
          [
            73.5254038,
            18.7507792,
            0.0
          ],
          [
            73.526206,
            18.7504179,
            0.0
          ],
          [
            73.5268226,
            18.7500991,
            0.0
          ],
          [
            73.5272834,
            18.7498243,
            0.0
          ],
          [
            73.5278218,
            18.7494699,
            0.0
          ],
          [
            73.5285903,
            18.7488652,
            0.0
          ],
          [
            73.5291805,
            18.748351,
            0.0
          ],
          [
            73.529766,
            18.7477334,
            0.0
          ],
          [
            73.5303418,
            18.7469968,
            0.0
          ],
          [
            73.5307795,
            18.7463542,
            0.0
          ],
          [
            73.5310627,
            18.7458546,
            0.0
          ],
          [
            73.531381,
            18.7452072,
            0.0
          ],
          [
            73.5316602,
            18.7445318,
            0.0
          ],
          [
            73.5319121,
            18.7438346,
            0.0
          ],
          [
            73.5321116,
            18.7430894,
            0.0
          ],
          [
            73.5322419,
            18.7424147,
            0.0
          ],
          [
            73.5323276,
            18.7416473,
            0.0
          ],
          [
            73.5324953,
            18.7391143,
            0.0
          ],
          [
            73.5325547,
            18.7383646,
            0.0
          ],
          [
            73.5326577,
            18.7376412,
            0.0
          ],
          [
            73.5327506,
            18.7371729,
            0.0
          ]
        ]
      }
    },
    {
      "type": "Feature",
      "id": 130710868,
      "properties": {
        "name": "Mumbai - Pune Expressway",
        "ref": "MPE",
        "highway": "motorway",
        "bridge": "no",
        "tunnel": "no",
        "layer": "0",
        "lanes": "3",
        "maxspeed": "100",
        "oneway": "yes"
      },
      "geometry": {
        "type": "LineString",
        "coordinates": [
          [
            73.5325193,
            18.7371182,
            0.0
          ],
          [
            73.5324354,
            18.7376165,
            0.0
          ],
          [
            73.53235,
            18.7383473,
            0.0
          ],
          [
            73.5323059,
            18.7391037,
            0.0
          ],
          [
            73.5321385,
            18.7416322,
            0.0
          ],
          [
            73.532054,
            18.742389,
            0.0
          ],
          [
            73.5319261,
            18.7430512,
            0.0
          ],
          [
            73.5317301,
            18.7437834,
            0.0
          ],
          [
            73.5314821,
            18.7444699,
            0.0
          ],
          [
            73.5312065,
            18.7451365,
            0.0
          ],
          [
            73.530893,
            18.7457741,
            0.0
          ],
          [
            73.5306159,
            18.7462628,
            0.0
          ],
          [
            73.5301857,
            18.7468946,
            0.0
          ],
          [
            73.5296189,
            18.7476197,
            0.0
          ],
          [
            73.5290454,
            18.7482246,
            0.0
          ],
          [
            73.5284654,
            18.7487299,
            0.0
          ],
          [
            73.5277068,
            18.7493268,
            0.0
          ],
          [
            73.5271786,
            18.7496745,
            0.0
          ],
          [
            73.5267265,
            18.7499441,
            0.0
          ],
          [
            73.5261197,
            18.7502579,
            0.0
          ],
          [
            73.5253292,
            18.7506139,
            0.0
          ],
          [
            73.5246417,
            18.7508619,
            0.0
          ],
          [
            73.5241474,
            18.751013,
            0.0
          ],
          [
            73.5234734,
            18.7511808,
            0.0
          ],
          [
            73.5229272,
            18.7512787,
            0.0
          ],
          [
            73.5228235,
            18.7512973,
            0.0
          ],
          [
            73.521953,
            18.751394,
            0.0
          ],
          [
            73.5217413,
            18.7514002,
            0.0
          ],
          [
            73.5208989,
            18.751425,
            0.0
          ],
          [
            73.520106,
            18.7513813,
            0.0
          ],
          [
            73.5193838,
            18.7512974,
            0.0
          ],
          [
            73.5188043,
            18.7511935,
            0.0
          ],
          [
            73.5180729,
            18.7510297,
            0.0
          ],
          [
            73.5136504,
            18.7498188,
            0.0
          ],
          [
            73.5065348,
            18.7478706,
            0.0
          ],
          [
            73.5056965,
            18.7476643,
            0.0
          ],
          [
            73.5054869,
            18.7476238,
            0.0
          ],
          [
            73.504974,
            18.7475188,
            0.0
          ],
          [
            73.504231,
            18.7473862,
            0.0
          ],
          [
            73.5026328,
            18.7471003,
            0.0
          ],
          [
            73.5010346,
            18.7468144,
            0.0
          ],
          [
            73.4806914,
            18.7431753,
            0.0
          ],
          [
            73.4701945,
            18.7412975,
            0.0
          ],
          [
            73.4695268,
            18.7411666,
            0.0
          ],
          [
            73.4688068,
            18.741001,
            0.0
          ],
          [
            73.4684982,
            18.7409154,
            0.0
          ],
          [
            73.4681269,
            18.7408123,
            0.0
          ],
          [
            73.4672821,
            18.7405415,
            0.0
          ],
          [
            73.4480023,
            18.7339798,
            0.0
          ],
          [
            73.4470701,
            18.7336684,
            0.0
          ],
          [
            73.446517,
            18.7335049,
            0.0
          ],
          [
            73.4459327,
            18.7333819,
            0.0
          ],
          [
            73.4452537,
            18.7332909,
            0.0
          ],
          [
            73.4450168,
            18.7332753,
            0.0
          ],
          [
            73.4446296,
            18.7332499,
            0.0
          ],
          [
            73.4444364,
            18.7332565,
            0.0
          ],
          [
            73.444317,
            18.7332606,
            0.0
          ],
          [
            73.4441273,
            18.733267,
            0.0
          ]
        ]
      }
    },
    {
      "type": "Feature",
      "id": 130726081,
      "properties": {
        "name": "NH548A",
        "ref": "NH548A",
        "highway": "trunk",
        "bridge": "yes",
        "tunnel": "no",
        "layer": "1",
        "lanes": "2",
        "maxspeed": "60",
        "oneway": "no"
      },
      "geometry": {
        "type": "LineString",
        "coordinates": [
          [
            73.2871416,
            18.8168562,
            0.0
          ],
          [
            73.2871528,
            18.8182959,
            0.0
          ]
        ]
      }
    },
    {
      "type": "Feature",
      "id": 130726082,
      "properties": {
        "name": "Mumbai - Pune Expressway",
        "ref": "MPE",
        "highway": "motorway",
        "bridge": "yes",
        "tunnel": "no",
        "layer": "1",
        "lanes": "3",
        "maxspeed": "100",
        "oneway": "yes"
      },
      "geometry": {
        "type": "LineString",
        "coordinates": [
          [
            73.2830992,
            18.805115,
            0.0
          ],
          [
            73.2832071,
            18.8049747,
            0.0
          ]
        ]
      }
    },
    {
      "type": "Feature",
      "id": 130726083,
      "properties": {
        "name": "Mumbai - Pune Expressway",
        "ref": "MPE",
        "highway": "motorway",
        "bridge": "no",
        "tunnel": "no",
        "layer": "0",
        "lanes": "3",
        "maxspeed": "100",
        "oneway": "yes"
      },
      "geometry": {
        "type": "LineString",
        "coordinates": [
          [
            73.2828392,
            18.8050057,
            0.0
          ],
          [
            73.2794953,
            18.8102386,
            0.0
          ],
          [
            73.2779265,
            18.8126936,
            0.0
          ],
          [
            73.2776112,
            18.8131166,
            0.0
          ],
          [
            73.2775679,
            18.8131748,
            0.0
          ],
          [
            73.2771276,
            18.8136721,
            0.0
          ],
          [
            73.2767474,
            18.8140303,
            0.0
          ],
          [
            73.2763289,
            18.8143665,
            0.0
          ],
          [
            73.2759614,
            18.8146369,
            0.0
          ],
          [
            73.2680479,
            18.8198477,
            0.0
          ],
          [
            73.2675996,
            18.8201631,
            0.0
          ],
          [
            73.2671331,
            18.8205367,
            0.0
          ],
          [
            73.2667268,
            18.820937,
            0.0
          ],
          [
            73.2664241,
            18.821261,
            0.0
          ],
          [
            73.2661386,
            18.821649,
            0.0
          ],
          [
            73.265533,
            18.8225303,
            0.0
          ],
          [
            73.2638028,
            18.8250483,
            0.0
          ],
          [
            73.2634834,
            18.8254951,
            0.0
          ],
          [
            73.2631289,
            18.8259375,
            0.0
          ],
          [
            73.2627797,
            18.8263122,
            0.0
          ],
          [
            73.2623479,
            18.8267049,
            0.0
          ],
          [
            73.2619631,
            18.8270115,
            0.0
          ],
          [
            73.261603,
            18.8272619,
            0.0
          ],
          [
            73.2612132,
            18.8274862,
            0.0
          ],
          [
            73.2608212,
            18.8276926,
            0.0
          ],
          [
            73.2602949,
            18.8279318,
            0.0
          ],
          [
            73.2551151,
            18.8301224,
            0.0
          ]
        ]
      }
    },
    {
      "type": "Feature",
      "id": 130726084,
      "properties": {
        "name": "NH548A",
        "ref": "NH548A",
        "highway": "trunk",
        "bridge": "no",
        "tunnel": "no",
        "layer": "0",
        "lanes": "2",
        "maxspeed": "60",
        "oneway": "yes"
      },
      "geometry": {
        "type": "LineString",
        "coordinates": [
          [
            73.2871432,
            18.818515,
            0.0
          ],
          [
            73.2870797,
            18.8186335,
            0.0
          ],
          [
            73.2870222,
            18.8188496,
            0.0
          ],
          [
            73.2869519,
            18.8191357,
            0.0
          ],
          [
            73.2868166,
            18.819456,
            0.0
          ],
          [
            73.286726,
            18.8196186,
            0.0
          ],
          [
            73.286602,
            18.8197939,
            0.0
          ],
          [
            73.2864596,
            18.8199318,
            0.0
          ],
          [
            73.2861998,
            18.8200331,
            0.0
          ],
          [
            73.2859204,
            18.8201538,
            0.0
          ],
          [
            73.2857001,
            18.8202457,
            0.0
          ],
          [
            73.2855564,
            18.8203405,
            0.0
          ],
          [
            73.2854705,
            18.820462,
            0.0
          ],
          [
            73.2854019,
            18.8206382,
            0.0
          ],
          [
            73.2853198,
            18.8210179,
            0.0
          ],
          [
            73.2852377,
            18.8217822,
            0.0
          ],
          [
            73.285109,
            18.8228419,
            0.0
          ],
          [
            73.285043,
            18.8233449,
            0.0
          ],
          [
            73.2849926,
            18.8235182,
            0.0
          ],
          [
            73.2849186,
            18.8236751,
            0.0
          ],
          [
            73.2848231,
            18.8238228,
            0.0
          ],
          [
            73.284727,
            18.8239848,
            0.0
          ],
          [
            73.2846659,
            18.824201,
            0.0
          ],
          [
            73.2846605,
            18.8244082,
            0.0
          ],
          [
            73.2847276,
            18.82476,
            0.0
          ],
          [
            73.2847909,
            18.8250973,
            0.0
          ],
          [
            73.2848676,
            18.8254734,
            0.0
          ],
          [
            73.2848987,
            18.8255357,
            0.0
          ],
          [
            73.284918,
            18.8255745,
            0.0
          ],
          [
            73.2850125,
            18.8256872,
            0.0
          ],
          [
            73.2851305,
            18.8258,
            0.0
          ],
          [
            73.2853,
            18.8259086,
            0.0
          ],
          [
            73.2855054,
            18.8260619,
            0.0
          ],
          [
            73.2856132,
            18.8262016,
            0.0
          ],
          [
            73.2856535,
            18.8263565,
            0.0
          ],
          [
            73.2856502,
            18.8266163,
            0.0
          ],
          [
            73.2856224,
            18.8269836,
            0.0
          ],
          [
            73.2855579,
            18.8278491,
            0.0
          ],
          [
            73.2855687,
            18.8280828,
            0.0
          ],
          [
            73.2856449,
            18.8284895,
            0.0
          ],
          [
            73.2857672,
            18.8291714,
            0.0
          ],
          [
            73.2857951,
            18.8293433,
            0.0
          ],
          [
            73.2858791,
            18.8298609,
            0.0
          ],
          [
            73.2859142,
            18.829966,
            0.0
          ],
          [
            73.2860912,
            18.8302512,
            0.0
          ],
          [
            73.2861931,
            18.8303693,
            0.0
          ],
          [
            73.2863015,
            18.8304949,
            0.0
          ],
          [
            73.2865053,
            18.8307427,
            0.0
          ],
          [
            73.2866164,
            18.8309363,
            0.0
          ],
          [
            73.2867526,
            18.8312382,
            0.0
          ],
          [
            73.2868315,
            18.8315652,
            0.0
          ],
          [
            73.2868975,
            18.8318881,
            0.0
          ],
          [
            73.2869645,
            18.8320861,
            0.0
          ],
          [
            73.2870643,
            18.8322868,
            0.0
          ],
          [
            73.2871775,
            18.8324909,
            0.0
          ],
          [
            73.2873089,
            18.83259,
            0.0
          ]
        ]
      }
    },
    {
      "type": "Feature",
      "id": 130726085,
      "properties": {
        "name": "NH566D",
        "ref": "NH566D",
        "highway": "trunk",
        "bridge": "yes",
        "tunnel": "no",
        "layer": "1",
        "lanes": "2",
        "maxspeed": "60",
        "oneway": "no"
      },
      "geometry": {
        "type": "LineString",
        "coordinates": [
          [
            73.2957295,
            18.7998158,
            0.0
          ],
          [
            73.296196,
            18.7997831,
            0.0
          ]
        ]
      }
    },
    {
      "type": "Feature",
      "id": 130726087,
      "properties": {
        "name": "Mumbai - Pune Expressway",
        "ref": "MPE",
        "highway": "motorway",
        "bridge": "yes",
        "tunnel": "no",
        "layer": "1",
        "lanes": "3",
        "maxspeed": "100",
        "oneway": "yes"
      },
      "geometry": {
        "type": "LineString",
        "coordinates": [
          [
            73.2829243,
            18.8048739,
            0.0
          ],
          [
            73.2828392,
            18.8050057,
            0.0
          ]
        ]
      }
    },
    {
      "type": "Feature",
      "id": 130726090,
      "properties": {
        "name": "NH566D",
        "ref": "NH566D",
        "highway": "trunk",
        "bridge": "no",
        "tunnel": "no",
        "layer": "0",
        "lanes": "2",
        "maxspeed": "60",
        "oneway": "no"
      },
      "geometry": {
        "type": "LineString",
        "coordinates": [
          [
            73.296196,
            18.7997831,
            0.0
          ],
          [
            73.2964193,
            18.7997675,
            0.0
          ],
          [
            73.2964809,
            18.7997553,
            0.0
          ],
          [
            73.2970756,
            18.799638,
            0.0
          ],
          [
            73.2978352,
            18.7993814,
            0.0
          ],
          [
            73.2985186,
            18.7992024,
            0.0
          ],
          [
            73.2996183,
            18.7989793,
            0.0
          ],
          [
            73.2997203,
            18.7989586,
            0.0
          ],
          [
            73.3009466,
            18.7988736,
            0.0
          ],
          [
            73.3014478,
            18.7989326,
            0.0
          ],
          [
            73.3018388,
            18.7989971,
            0.0
          ],
          [
            73.3020584,
            18.7991447,
            0.0
          ],
          [
            73.3022043,
            18.7993554,
            0.0
          ],
          [
            73.3022952,
            18.7994868,
            0.0
          ],
          [
            73.302329,
            18.7995694,
            0.0
          ],
          [
            73.3024232,
            18.7997998,
            0.0
          ],
          [
            73.3026246,
            18.7999234,
            0.0
          ],
          [
            73.3028295,
            18.7999218,
            0.0
          ],
          [
            73.3036927,
            18.799743,
            0.0
          ],
          [
            73.3039,
            18.7997,
            0.0
          ],
          [
            73.3040911,
            18.7996818,
            0.0
          ],
          [
            73.3047159,
            18.7996221,
            0.0
          ],
          [
            73.3059067,
            18.7998615,
            0.0
          ],
          [
            73.3063034,
            18.7998081,
            0.0
          ],
          [
            73.3066986,
            18.7996785,
            0.0
          ],
          [
            73.3069259,
            18.7996039,
            0.0
          ],
          [
            73.308199,
            18.7992741,
            0.0
          ],
          [
            73.3088383,
            18.7990401,
            0.0
          ],
          [
            73.3089888,
            18.798985,
            0.0
          ],
          [
            73.309505,
            18.7987961,
            0.0
          ],
          [
            73.3099676,
            18.798782,
            0.0
          ],
          [
            73.3108353,
            18.7987555,
            0.0
          ],
          [
            73.3124268,
            18.7987555,
            0.0
          ],
          [
            73.3128524,
            18.7987555,
            0.0
          ],
          [
            73.3142257,
            18.7987555,
            0.0
          ],
          [
            73.315084,
            18.7988774,
            0.0
          ],
          [
            73.3158994,
            18.7994055,
            0.0
          ],
          [
            73.3167083,
            18.7999033,
            0.0
          ],
          [
            73.3167577,
            18.7999337,
            0.0
          ],
          [
            73.3174014,
            18.8002587,
            0.0
          ],
          [
            73.318131,
            18.8002993,
            0.0
          ],
          [
            73.3187521,
            18.8002535,
            0.0
          ],
          [
            73.3188701,
            18.8002448,
            0.0
          ],
          [
            73.3190301,
            18.800233,
            0.0
          ],
          [
            73.3197445,
            18.8002129,
            0.0
          ],
          [
            73.3204794,
            18.8001922,
            0.0
          ],
          [
            73.3210063,
            18.8001774,
            0.0
          ],
          [
            73.3213431,
            18.8002434,
            0.0
          ],
          [
            73.3219492,
            18.8003621,
            0.0
          ],
          [
            73.3222508,
            18.8004212,
            0.0
          ]
        ]
      }
    },
    {
      "type": "Feature",
      "id": 130726092,
      "properties": {
        "name": "motorway_link",
        "ref": "",
        "highway": "motorway_link",
        "bridge": "no",
        "tunnel": "no",
        "layer": "0",
        "lanes": "2",
        "maxspeed": "60",
        "oneway": "yes"
      },
      "geometry": {
        "type": "LineString",
        "coordinates": [
          [
            73.2851795,
            18.8021213,
            0.0
          ],
          [
            73.2852914,
            18.8019097,
            0.0
          ],
          [
            73.2856801,
            18.8012657,
            0.0
          ],
          [
            73.2859968,
            18.8007483,
            0.0
          ],
          [
            73.2860821,
            18.800601,
            0.0
          ],
          [
            73.2873273,
            18.7984512,
            0.0
          ],
          [
            73.2877385,
            18.7977033,
            0.0
          ],
          [
            73.2877734,
            18.7975766,
            0.0
          ],
          [
            73.2877706,
            18.7974375,
            0.0
          ]
        ]
      }
    },
    {
      "type": "Feature",
      "id": 149003178,
      "properties": {
        "name": "Khandala Tunnel",
        "ref": "MPE;NH48",
        "highway": "motorway",
        "bridge": "no",
        "tunnel": "yes",
        "layer": "-1",
        "lanes": "3",
        "maxspeed": "60",
        "oneway": "yes"
      },
      "geometry": {
        "type": "LineString",
        "coordinates": [
          [
            73.3646583,
            18.7714244,
            0.0
          ],
          [
            73.3650693,
            18.7713061,
            0.0
          ],
          [
            73.3654701,
            18.7713308,
            0.0
          ],
          [
            73.3658506,
            18.7712866,
            0.0
          ],
          [
            73.366232,
            18.771195,
            0.0
          ],
          [
            73.3662706,
            18.7711754,
            0.0
          ],
          [
            73.3665796,
            18.7710187,
            0.0
          ],
          [
            73.3668921,
            18.7707909,
            0.0
          ],
          [
            73.3671609,
            18.7705177,
            0.0
          ],
          [
            73.3674121,
            18.7702045,
            0.0
          ]
        ]
      }
    },
    {
      "type": "Feature",
      "id": 194706377,
      "properties": {
        "name": "Mumbai - Pune Expressway",
        "ref": "MPE",
        "highway": "motorway",
        "bridge": "no",
        "tunnel": "no",
        "layer": "0",
        "lanes": "3",
        "maxspeed": "100",
        "oneway": "yes"
      },
      "geometry": {
        "type": "LineString",
        "coordinates": [
          [
            73.3892635,
            18.7676135,
            0.0
          ],
          [
            73.3895603,
            18.7678448,
            0.0
          ],
          [
            73.3898517,
            18.7680457,
            0.0
          ],
          [
            73.390194,
            18.7682325,
            0.0
          ],
          [
            73.3905592,
            18.7684025,
            0.0
          ],
          [
            73.3910469,
            18.7685557,
            0.0
          ],
          [
            73.3916148,
            18.7686924,
            0.0
          ],
          [
            73.3928888,
            18.7689686,
            0.0
          ],
          [
            73.3933093,
            18.769046,
            0.0
          ],
          [
            73.3938082,
            18.7691202,
            0.0
          ],
          [
            73.3945613,
            18.7691973,
            0.0
          ],
          [
            73.3979689,
            18.7695058,
            0.0
          ],
          [
            73.3985028,
            18.769549,
            0.0
          ],
          [
            73.3991117,
            18.7695604,
            0.0
          ],
          [
            73.3996388,
            18.7695559,
            0.0
          ],
          [
            73.4003488,
            18.7695149,
            0.0
          ],
          [
            73.4011028,
            18.7694279,
            0.0
          ],
          [
            73.4018005,
            18.7693473,
            0.0
          ],
          [
            73.4022199,
            18.7693181,
            0.0
          ],
          [
            73.4025055,
            18.7693093,
            0.0
          ],
          [
            73.4030408,
            18.7693442,
            0.0
          ],
          [
            73.403589,
            18.7693732,
            0.0
          ],
          [
            73.4039333,
            18.7693667,
            0.0
          ],
          [
            73.4042556,
            18.769339,
            0.0
          ]
        ]
      }
    },
    {
      "type": "Feature",
      "id": 194706378,
      "properties": {
        "name": "Mumbai - Pune Expressway",
        "ref": "MPE",
        "highway": "motorway",
        "bridge": "no",
        "tunnel": "no",
        "layer": "0",
        "lanes": "3",
        "maxspeed": "60",
        "oneway": "yes"
      },
      "geometry": {
        "type": "LineString",
        "coordinates": [
          [
            73.3841191,
            18.7612033,
            0.0
          ],
          [
            73.383817,
            18.7610937,
            0.0
          ],
          [
            73.3825118,
            18.7605836,
            0.0
          ],
          [
            73.3821773,
            18.7604786,
            0.0
          ],
          [
            73.3818863,
            18.7604232,
            0.0
          ],
          [
            73.3810214,
            18.7602755,
            0.0
          ],
          [
            73.3806439,
            18.7601345,
            0.0
          ],
          [
            73.3804143,
            18.7600105,
            0.0
          ],
          [
            73.380177,
            18.7598299,
            0.0
          ],
          [
            73.3801538,
            18.7598082,
            0.0
          ]
        ]
      }
    },
    {
      "type": "Feature",
      "id": 194706379,
      "properties": {
        "name": "Mumbai - Pune Expressway",
        "ref": "MPE",
        "highway": "motorway",
        "bridge": "yes",
        "tunnel": "no",
        "layer": "1",
        "lanes": "3",
        "maxspeed": "60",
        "oneway": "yes"
      },
      "geometry": {
        "type": "LineString",
        "coordinates": [
          [
            73.3867752,
            18.7637489,
            0.0
          ],
          [
            73.3865825,
            18.7635338,
            0.0
          ],
          [
            73.3864203,
            18.763291,
            0.0
          ],
          [
            73.3862812,
            18.7630714,
            0.0
          ],
          [
            73.3859314,
            18.7624262,
            0.0
          ],
          [
            73.385824,
            18.7622417,
            0.0
          ],
          [
            73.3856886,
            18.7620703,
            0.0
          ],
          [
            73.3855032,
            18.761886,
            0.0
          ],
          [
            73.3853693,
            18.7617719,
            0.0
          ],
          [
            73.3851361,
            18.7616167,
            0.0
          ],
          [
            73.3848786,
            18.7614935,
            0.0
          ],
          [
            73.3844246,
            18.7613206,
            0.0
          ],
          [
            73.3841191,
            18.7612033,
            0.0
          ]
        ]
      }
    },
    {
      "type": "Feature",
      "id": 212383950,
      "properties": {
        "name": "NH48",
        "ref": "NH48",
        "highway": "trunk",
        "bridge": "no",
        "tunnel": "no",
        "layer": "0",
        "lanes": "2",
        "maxspeed": "60",
        "oneway": "yes"
      },
      "geometry": {
        "type": "LineString",
        "coordinates": [
          [
            73.5226161,
            18.7559541,
            0.0
          ],
          [
            73.5218859,
            18.7559668,
            0.0
          ],
          [
            73.5215933,
            18.7560282,
            0.0
          ],
          [
            73.5212786,
            18.7561576,
            0.0
          ],
          [
            73.5210694,
            18.7562927,
            0.0
          ],
          [
            73.5184077,
            18.7582136,
            0.0
          ],
          [
            73.515435,
            18.760359,
            0.0
          ],
          [
            73.5102672,
            18.7640885,
            0.0
          ],
          [
            73.5097556,
            18.7644577,
            0.0
          ],
          [
            73.5091949,
            18.7648646,
            0.0
          ],
          [
            73.5088486,
            18.7650908,
            0.0
          ],
          [
            73.5062497,
            18.7663992,
            0.0
          ],
          [
            73.5048196,
            18.7671192,
            0.0
          ],
          [
            73.5044249,
            18.7672959,
            0.0
          ],
          [
            73.5041455,
            18.7673692,
            0.0
          ],
          [
            73.5038317,
            18.767407,
            0.0
          ],
          [
            73.5035018,
            18.7673975,
            0.0
          ],
          [
            73.5019932,
            18.7672074,
            0.0
          ],
          [
            73.5019856,
            18.7672062,
            0.0
          ],
          [
            73.5014856,
            18.7671293,
            0.0
          ],
          [
            73.501109,
            18.7670489,
            0.0
          ],
          [
            73.5006941,
            18.7669537,
            0.0
          ],
          [
            73.4997689,
            18.7667477,
            0.0
          ],
          [
            73.4954668,
            18.7657897,
            0.0
          ],
          [
            73.4952735,
            18.7657467,
            0.0
          ],
          [
            73.4932193,
            18.7652907,
            0.0
          ],
          [
            73.4925683,
            18.7651462,
            0.0
          ],
          [
            73.4915094,
            18.7649112,
            0.0
          ],
          [
            73.4910519,
            18.7648096,
            0.0
          ],
          [
            73.4880511,
            18.7641435,
            0.0
          ],
          [
            73.4867226,
            18.7638426,
            0.0
          ],
          [
            73.4803197,
            18.7624169,
            0.0
          ],
          [
            73.4793123,
            18.7621949,
            0.0
          ],
          [
            73.479055,
            18.7621334,
            0.0
          ],
          [
            73.4789465,
            18.7621074,
            0.0
          ],
          [
            73.4785698,
            18.7619805,
            0.0
          ],
          [
            73.4774582,
            18.7615354,
            0.0
          ],
          [
            73.4756656,
            18.7608177,
            0.0
          ],
          [
            73.4752916,
            18.7606714,
            0.0
          ],
          [
            73.4748316,
            18.7605166,
            0.0
          ],
          [
            73.4744124,
            18.7603955,
            0.0
          ],
          [
            73.474109,
            18.7603216,
            0.0
          ],
          [
            73.4737904,
            18.7602596,
            0.0
          ],
          [
            73.4735288,
            18.7602352,
            0.0
          ],
          [
            73.4731182,
            18.7602218,
            0.0
          ],
          [
            73.4726955,
            18.7602231,
            0.0
          ],
          [
            73.4720039,
            18.760246,
            0.0
          ],
          [
            73.4716154,
            18.7602556,
            0.0
          ],
          [
            73.4711908,
            18.760246,
            0.0
          ],
          [
            73.4708503,
            18.7602232,
            0.0
          ],
          [
            73.4704993,
            18.7601812,
            0.0
          ],
          [
            73.4701232,
            18.7601247,
            0.0
          ],
          [
            73.4695208,
            18.7600306,
            0.0
          ],
          [
            73.4691276,
            18.7599762,
            0.0
          ],
          [
            73.4690762,
            18.7599702,
            0.0
          ],
          [
            73.4687968,
            18.7599434,
            0.0
          ],
          [
            73.4684935,
            18.7599373,
            0.0
          ],
          [
            73.4682119,
            18.7599679,
            0.0
          ],
          [
            73.4679531,
            18.7600155,
            0.0
          ],
          [
            73.4664827,
            18.7604074,
            0.0
          ],
          [
            73.4655712,
            18.7606504,
            0.0
          ],
          [
            73.4653846,
            18.7606823,
            0.0
          ]
        ]
      }
    },
    {
      "type": "Feature",
      "id": 212383955,
      "properties": {
        "name": "NH48",
        "ref": "NH48",
        "highway": "trunk",
        "bridge": "no",
        "tunnel": "no",
        "layer": "0",
        "lanes": "2",
        "maxspeed": "60",
        "oneway": "yes"
      },
      "geometry": {
        "type": "LineString",
        "coordinates": [
          [
            73.4396295,
            18.7601155,
            0.0
          ],
          [
            73.4372429,
            18.7597981,
            0.0
          ],
          [
            73.4368258,
            18.7596814,
            0.0
          ],
          [
            73.4363662,
            18.7594795,
            0.0
          ],
          [
            73.4357311,
            18.7591834,
            0.0
          ],
          [
            73.4355247,
            18.759121,
            0.0
          ],
          [
            73.4351672,
            18.7590128,
            0.0
          ],
          [
            73.4347937,
            18.7589476,
            0.0
          ],
          [
            73.434499,
            18.7588962,
            0.0
          ],
          [
            73.4338829,
            18.7588244,
            0.0
          ],
          [
            73.433409,
            18.7588019,
            0.0
          ],
          [
            73.432852,
            18.7588023,
            0.0
          ],
          [
            73.4327226,
            18.7588162,
            0.0
          ],
          [
            73.4323949,
            18.7588513,
            0.0
          ],
          [
            73.432,
            18.7589533,
            0.0
          ],
          [
            73.4318586,
            18.7589793,
            0.0
          ],
          [
            73.4317799,
            18.7589938,
            0.0
          ],
          [
            73.4312786,
            18.7590858,
            0.0
          ],
          [
            73.4310659,
            18.7591249,
            0.0
          ],
          [
            73.4308013,
            18.7591753,
            0.0
          ],
          [
            73.4307044,
            18.7592394,
            0.0
          ]
        ]
      }
    },
    {
      "type": "Feature",
      "id": 219364537,
      "properties": {
        "name": "NH48",
        "ref": "NH48",
        "highway": "trunk",
        "bridge": "no",
        "tunnel": "no",
        "layer": "0",
        "lanes": "2",
        "maxspeed": "60",
        "oneway": "yes"
      },
      "geometry": {
        "type": "LineString",
        "coordinates": [
          [
            73.3266622,
            18.7991445,
            0.0
          ],
          [
            73.3271721,
            18.7986877,
            0.0
          ],
          [
            73.3272304,
            18.7986285,
            0.0
          ],
          [
            73.3275297,
            18.798325,
            0.0
          ],
          [
            73.3275766,
            18.7982767,
            0.0
          ],
          [
            73.3277752,
            18.7980721,
            0.0
          ],
          [
            73.3279352,
            18.7978779,
            0.0
          ],
          [
            73.328017,
            18.7977825,
            0.0
          ],
          [
            73.3282844,
            18.7974704,
            0.0
          ],
          [
            73.3286484,
            18.7970688,
            0.0
          ],
          [
            73.3289937,
            18.7967804,
            0.0
          ],
          [
            73.3292242,
            18.7966697,
            0.0
          ],
          [
            73.3296338,
            18.7964912,
            0.0
          ],
          [
            73.3301206,
            18.7962365,
            0.0
          ],
          [
            73.3306946,
            18.7959362,
            0.0
          ],
          [
            73.3312659,
            18.7956592,
            0.0
          ],
          [
            73.3315992,
            18.7954976,
            0.0
          ],
          [
            73.3318058,
            18.7954112,
            0.0
          ],
          [
            73.3323426,
            18.7951633,
            0.0
          ],
          [
            73.3329076,
            18.7949257,
            0.0
          ],
          [
            73.3335169,
            18.7946336,
            0.0
          ],
          [
            73.3336913,
            18.7945318,
            0.0
          ],
          [
            73.3346545,
            18.7939848,
            0.0
          ],
          [
            73.3352569,
            18.793622,
            0.0
          ],
          [
            73.3371629,
            18.7924705,
            0.0
          ],
          [
            73.337381,
            18.7923356,
            0.0
          ],
          [
            73.3382921,
            18.7917891,
            0.0
          ],
          [
            73.3387095,
            18.7915268,
            0.0
          ]
        ]
      }
    },
    {
      "type": "Feature",
      "id": 219364538,
      "properties": {
        "name": "NH48",
        "ref": "NH48",
        "highway": "trunk",
        "bridge": "yes",
        "tunnel": "no",
        "layer": "1",
        "lanes": "2",
        "maxspeed": "60",
        "oneway": "yes"
      },
      "geometry": {
        "type": "LineString",
        "coordinates": [
          [
            73.3226048,
            18.8023017,
            0.0
          ],
          [
            73.3231551,
            18.8018709,
            0.0
          ]
        ]
      }
    },
    {
      "type": "Feature",
      "id": 219364539,
      "properties": {
        "name": "NH48",
        "ref": "NH48",
        "highway": "trunk",
        "bridge": "yes",
        "tunnel": "no",
        "layer": "1",
        "lanes": "2",
        "maxspeed": "60",
        "oneway": "yes"
      },
      "geometry": {
        "type": "LineString",
        "coordinates": [
          [
            73.3221847,
            18.8007895,
            0.0
          ],
          [
            73.3220703,
            18.8012813,
            0.0
          ]
        ]
      }
    },
    {
      "type": "Feature",
      "id": 219364541,
      "properties": {
        "name": "NH48",
        "ref": "NH48",
        "highway": "trunk",
        "bridge": "no",
        "tunnel": "no",
        "layer": "0",
        "lanes": "2",
        "maxspeed": "60",
        "oneway": "yes"
      },
      "geometry": {
        "type": "LineString",
        "coordinates": [
          [
            73.3220703,
            18.8012813,
            0.0
          ],
          [
            73.32194,
            18.8016668,
            0.0
          ],
          [
            73.3219004,
            18.801895,
            0.0
          ],
          [
            73.3218009,
            18.8022994,
            0.0
          ],
          [
            73.3217183,
            18.8026787,
            0.0
          ],
          [
            73.3215929,
            18.8031274,
            0.0
          ],
          [
            73.3214403,
            18.8035543,
            0.0
          ],
          [
            73.321308,
            18.8039303,
            0.0
          ]
        ]
      }
    },
    {
      "type": "Feature",
      "id": 219364544,
      "properties": {
        "name": "NH48",
        "ref": "NH48",
        "highway": "trunk",
        "bridge": "no",
        "tunnel": "no",
        "layer": "0",
        "lanes": "1",
        "maxspeed": "60",
        "oneway": "yes"
      },
      "geometry": {
        "type": "LineString",
        "coordinates": [
          [
            73.2997697,
            18.820961,
            0.0
          ],
          [
            73.3004547,
            18.8203791,
            0.0
          ],
          [
            73.3008156,
            18.820078,
            0.0
          ],
          [
            73.3017668,
            18.8192501,
            0.0
          ],
          [
            73.3018467,
            18.8191923,
            0.0
          ],
          [
            73.3025743,
            18.8186653,
            0.0
          ],
          [
            73.3028884,
            18.8184986,
            0.0
          ]
        ]
      }
    },
    {
      "type": "Feature",
      "id": 219364547,
      "properties": {
        "name": "NH48",
        "ref": "NH48",
        "highway": "trunk",
        "bridge": "no",
        "tunnel": "no",
        "layer": "0",
        "lanes": "1",
        "maxspeed": "60",
        "oneway": "yes"
      },
      "geometry": {
        "type": "LineString",
        "coordinates": [
          [
            73.3028525,
            18.8184034,
            0.0
          ],
          [
            73.3024483,
            18.8186298,
            0.0
          ],
          [
            73.3020404,
            18.8188959,
            0.0
          ],
          [
            73.3017707,
            18.8191095,
            0.0
          ],
          [
            73.3016689,
            18.8191901,
            0.0
          ],
          [
            73.3007125,
            18.8200054,
            0.0
          ],
          [
            73.2997351,
            18.8208391,
            0.0
          ]
        ]
      }
    },
    {
      "type": "Feature",
      "id": 219369275,
      "properties": {
        "name": "Old NH4",
        "ref": "NH48",
        "highway": "trunk",
        "bridge": "no",
        "tunnel": "no",
        "layer": "0",
        "lanes": "2",
        "maxspeed": "60",
        "oneway": "no"
      },
      "geometry": {
        "type": "LineString",
        "coordinates": [
          [
            73.3509198,
            18.7826163,
            0.0
          ],
          [
            73.3510016,
            18.7824632,
            0.0
          ],
          [
            73.3510798,
            18.7823605,
            0.0
          ],
          [
            73.3511803,
            18.7823312,
            0.0
          ],
          [
            73.3512997,
            18.7823611,
            0.0
          ],
          [
            73.3514593,
            18.782428,
            0.0
          ],
          [
            73.3515583,
            18.782454,
            0.0
          ],
          [
            73.3516337,
            18.7824416,
            0.0
          ],
          [
            73.3516895,
            18.78241,
            0.0
          ],
          [
            73.3517511,
            18.7823623,
            0.0
          ],
          [
            73.3520457,
            18.7820176,
            0.0
          ],
          [
            73.3523498,
            18.7816551,
            0.0
          ],
          [
            73.3524456,
            18.7815028,
            0.0
          ],
          [
            73.3524896,
            18.7813873,
            0.0
          ],
          [
            73.3525144,
            18.7812923,
            0.0
          ],
          [
            73.3525211,
            18.7812107,
            0.0
          ],
          [
            73.3525154,
            18.7810411,
            0.0
          ],
          [
            73.3524768,
            18.7807542,
            0.0
          ],
          [
            73.3524715,
            18.7806125,
            0.0
          ],
          [
            73.3524779,
            18.7805502,
            0.0
          ],
          [
            73.3525025,
            18.7804892,
            0.0
          ],
          [
            73.3526076,
            18.7803632,
            0.0
          ],
          [
            73.3526834,
            18.7802684,
            0.0
          ],
          [
            73.3527199,
            18.7801951,
            0.0
          ],
          [
            73.3527484,
            18.7800342,
            0.0
          ],
          [
            73.3527574,
            18.7796384,
            0.0
          ],
          [
            73.3527305,
            18.7792774,
            0.0
          ],
          [
            73.3526463,
            18.7789304,
            0.0
          ],
          [
            73.3525476,
            18.7785787,
            0.0
          ],
          [
            73.3525092,
            18.7783991,
            0.0
          ],
          [
            73.3524573,
            18.7782401,
            0.0
          ],
          [
            73.3523981,
            18.778114,
            0.0
          ],
          [
            73.3523641,
            18.7780245,
            0.0
          ],
          [
            73.3523567,
            18.7779584,
            0.0
          ],
          [
            73.35237,
            18.7779061,
            0.0
          ],
          [
            73.3524039,
            18.7778532,
            0.0
          ],
          [
            73.352468,
            18.7778045,
            0.0
          ],
          [
            73.3525434,
            18.7777958,
            0.0
          ],
          [
            73.352623,
            18.7778077,
            0.0
          ],
          [
            73.3527017,
            18.7778677,
            0.0
          ],
          [
            73.3527842,
            18.7779806,
            0.0
          ],
          [
            73.3528472,
            18.778046,
            0.0
          ],
          [
            73.3529098,
            18.7780737,
            0.0
          ],
          [
            73.3529631,
            18.778071,
            0.0
          ],
          [
            73.3530253,
            18.7780492,
            0.0
          ],
          [
            73.3530954,
            18.777991,
            0.0
          ],
          [
            73.353192,
            18.7778007,
            0.0
          ],
          [
            73.3532364,
            18.777612,
            0.0
          ],
          [
            73.3532491,
            18.7774461,
            0.0
          ],
          [
            73.3532348,
            18.7771549,
            0.0
          ],
          [
            73.3532541,
            18.7768757,
            0.0
          ],
          [
            73.3532902,
            18.7766078,
            0.0
          ],
          [
            73.3533207,
            18.7763975,
            0.0
          ],
          [
            73.3533862,
            18.7760826,
            0.0
          ],
          [
            73.3534203,
            18.7754415,
            0.0
          ],
          [
            73.3534259,
            18.7749611,
            0.0
          ],
          [
            73.3534518,
            18.7747912,
            0.0
          ],
          [
            73.3534873,
            18.7746973,
            0.0
          ],
          [
            73.3535271,
            18.7746523,
            0.0
          ],
          [
            73.3535814,
            18.7746241,
            0.0
          ],
          [
            73.3536561,
            18.7746136,
            0.0
          ],
          [
            73.3538521,
            18.774635,
            0.0
          ],
          [
            73.3539664,
            18.7746378,
            0.0
          ],
          [
            73.3540507,
            18.7746041,
            0.0
          ],
          [
            73.3540954,
            18.7745493,
            0.0
          ],
          [
            73.354109,
            18.7745058,
            0.0
          ],
          [
            73.3541116,
            18.7744671,
            0.0
          ],
          [
            73.3541015,
            18.7743905,
            0.0
          ],
          [
            73.354051,
            18.7742081,
            0.0
          ],
          [
            73.3540421,
            18.7740522,
            0.0
          ],
          [
            73.3540808,
            18.773926,
            0.0
          ],
          [
            73.3542006,
            18.7736038,
            0.0
          ],
          [
            73.354303,
            18.7732394,
            0.0
          ],
          [
            73.354315,
            18.7730211,
            0.0
          ],
          [
            73.3543134,
            18.7727365,
            0.0
          ],
          [
            73.3543056,
            18.7722695,
            0.0
          ],
          [
            73.35432,
            18.772029,
            0.0
          ],
          [
            73.3543426,
            18.771859,
            0.0
          ],
          [
            73.3543835,
            18.7716846,
            0.0
          ],
          [
            73.3544355,
            18.7714681,
            0.0
          ],
          [
            73.3544702,
            18.7712947,
            0.0
          ],
          [
            73.3544611,
            18.7711916,
            0.0
          ],
          [
            73.3544205,
            18.77114,
            0.0
          ],
          [
            73.3543637,
            18.7710882,
            0.0
          ],
          [
            73.3542306,
            18.7710552,
            0.0
          ],
          [
            73.3541447,
            18.7709953,
            0.0
          ],
          [
            73.3540838,
            18.7709261,
            0.0
          ],
          [
            73.3540337,
            18.7708381,
            0.0
          ],
          [
            73.3539962,
            18.7707071,
            0.0
          ],
          [
            73.3539542,
            18.7705635,
            0.0
          ],
          [
            73.3539135,
            18.7703135,
            0.0
          ],
          [
            73.3538799,
            18.7701523,
            0.0
          ],
          [
            73.3538582,
            18.7700768,
            0.0
          ],
          [
            73.3538141,
            18.7699829,
            0.0
          ],
          [
            73.3537675,
            18.7699303,
            0.0
          ],
          [
            73.353707,
            18.7699009,
            0.0
          ],
          [
            73.3536385,
            18.7699202,
            0.0
          ],
          [
            73.3535408,
            18.7699668,
            0.0
          ],
          [
            73.353476,
            18.770022,
            0.0
          ],
          [
            73.3534226,
            18.7700812,
            0.0
          ],
          [
            73.3533099,
            18.7702896,
            0.0
          ],
          [
            73.353176,
            18.7704842,
            0.0
          ],
          [
            73.3531047,
            18.7705446,
            0.0
          ],
          [
            73.3530289,
            18.7705726,
            0.0
          ]
        ]
      }
    },
    {
      "type": "Feature",
      "id": 219872131,
      "properties": {
        "name": "NH166D",
        "ref": "NH166D",
        "highway": "trunk",
        "bridge": "no",
        "tunnel": "no",
        "layer": "0",
        "lanes": "2",
        "maxspeed": "60",
        "oneway": "no"
      },
      "geometry": {
        "type": "LineString",
        "coordinates": [
          [
            73.186695,
            18.764687,
            0.0
          ],
          [
            73.1871908,
            18.7649508,
            0.0
          ],
          [
            73.1874096,
            18.7650767,
            0.0
          ],
          [
            73.1888313,
            18.7658949,
            0.0
          ],
          [
            73.1889773,
            18.7659789,
            0.0
          ],
          [
            73.1893325,
            18.7661308,
            0.0
          ],
          [
            73.1895287,
            18.7661954,
            0.0
          ],
          [
            73.189657,
            18.7662377,
            0.0
          ],
          [
            73.1900308,
            18.7662679,
            0.0
          ],
          [
            73.1904422,
            18.7662213,
            0.0
          ],
          [
            73.1911347,
            18.766128,
            0.0
          ],
          [
            73.1915606,
            18.7661335,
            0.0
          ],
          [
            73.1918474,
            18.7662103,
            0.0
          ],
          [
            73.1920966,
            18.7663749,
            0.0
          ],
          [
            73.1923487,
            18.7666191,
            0.0
          ],
          [
            73.1925863,
            18.7668468,
            0.0
          ],
          [
            73.1928673,
            18.7670223,
            0.0
          ],
          [
            73.1931484,
            18.7670498,
            0.0
          ],
          [
            73.1937568,
            18.767058,
            0.0
          ],
          [
            73.1943565,
            18.7670421,
            0.0
          ],
          [
            73.1951038,
            18.7670223,
            0.0
          ],
          [
            73.1954884,
            18.7670292,
            0.0
          ],
          [
            73.1958658,
            18.767036,
            0.0
          ],
          [
            73.1960307,
            18.7670643,
            0.0
          ],
          [
            73.1962511,
            18.7670964,
            0.0
          ],
          [
            73.1964134,
            18.7671513,
            0.0
          ],
          [
            73.1991195,
            18.7674457,
            0.0
          ],
          [
            73.2001335,
            18.7676131,
            0.0
          ],
          [
            73.2002681,
            18.7676506,
            0.0
          ],
          [
            73.2008231,
            18.7678051,
            0.0
          ],
          [
            73.2010245,
            18.767869,
            0.0
          ],
          [
            73.2012498,
            18.7679405,
            0.0
          ],
          [
            73.2013939,
            18.7679862,
            0.0
          ],
          [
            73.2026011,
            18.7681682,
            0.0
          ],
          [
            73.2034364,
            18.7683071,
            0.0
          ],
          [
            73.2037812,
            18.7682879,
            0.0
          ],
          [
            73.2040535,
            18.7681919,
            0.0
          ],
          [
            73.2047677,
            18.7677585,
            0.0
          ],
          [
            73.2052154,
            18.7675513,
            0.0
          ],
          [
            73.2055529,
            18.7675157,
            0.0
          ],
          [
            73.2057847,
            18.7675623,
            0.0
          ],
          [
            73.2059556,
            18.7676556,
            0.0
          ],
          [
            73.2061237,
            18.7678449,
            0.0
          ],
          [
            73.2062859,
            18.7680109,
            0.0
          ],
          [
            73.206483,
            18.7681069,
            0.0
          ],
          [
            73.2067612,
            18.7681346,
            0.0
          ],
          [
            73.2073407,
            18.7681676,
            0.0
          ],
          [
            73.2080997,
            18.7685043,
            0.0
          ],
          [
            73.2084475,
            18.7686888,
            0.0
          ],
          [
            73.2087951,
            18.7689302,
            0.0
          ],
          [
            73.2097181,
            18.769684,
            0.0
          ],
          [
            73.2112223,
            18.7709631,
            0.0
          ],
          [
            73.2121768,
            18.7717748,
            0.0
          ],
          [
            73.2129098,
            18.7724551,
            0.0
          ],
          [
            73.2133983,
            18.7728654,
            0.0
          ],
          [
            73.2137283,
            18.7731426,
            0.0
          ],
          [
            73.2139372,
            18.7732551,
            0.0
          ],
          [
            73.2140806,
            18.7733055,
            0.0
          ],
          [
            73.2142159,
            18.7733017,
            0.0
          ],
          [
            73.214556,
            18.7732047,
            0.0
          ],
          [
            73.2149935,
            18.773053,
            0.0
          ],
          [
            73.2151993,
            18.7729816,
            0.0
          ],
          [
            73.2160021,
            18.7726352,
            0.0
          ],
          [
            73.2160761,
            18.7726033,
            0.0
          ],
          [
            73.2163486,
            18.7725025,
            0.0
          ],
          [
            73.2166129,
            18.772452,
            0.0
          ],
          [
            73.2172862,
            18.7724645,
            0.0
          ],
          [
            73.2207708,
            18.7727208,
            0.0
          ],
          [
            73.2215653,
            18.7727792,
            0.0
          ],
          [
            73.2224143,
            18.7728848,
            0.0
          ],
          [
            73.2230241,
            18.7729041,
            0.0
          ],
          [
            73.2233269,
            18.7729137,
            0.0
          ],
          [
            73.2239846,
            18.7728944,
            0.0
          ],
          [
            73.2247481,
            18.7728684,
            0.0
          ],
          [
            73.2249763,
            18.7729417,
            0.0
          ],
          [
            73.2250864,
            18.7730116,
            0.0
          ],
          [
            73.2252197,
            18.7731762,
            0.0
          ],
          [
            73.225295,
            18.7733134,
            0.0
          ],
          [
            73.2254674,
            18.7735973,
            0.0
          ],
          [
            73.2257093,
            18.773836,
            0.0
          ],
          [
            73.2259353,
            18.7739882,
            0.0
          ],
          [
            73.226288,
            18.7741959,
            0.0
          ],
          [
            73.2266875,
            18.7744035,
            0.0
          ],
          [
            73.2271653,
            18.7745116,
            0.0
          ],
          [
            73.227591,
            18.7745878,
            0.0
          ],
          [
            73.2281256,
            18.7746666,
            0.0
          ],
          [
            73.228241,
            18.77469,
            0.0
          ],
          [
            73.2285976,
            18.7747645,
            0.0
          ],
          [
            73.2290026,
            18.7749117,
            0.0
          ],
          [
            73.2292484,
            18.7750009,
            0.0
          ],
          [
            73.2300353,
            18.7751742,
            0.0
          ],
          [
            73.2321328,
            18.775636,
            0.0
          ],
          [
            73.2326391,
            18.7757475,
            0.0
          ],
          [
            73.2328034,
            18.7757899,
            0.0
          ],
          [
            73.233107,
            18.7758682,
            0.0
          ],
          [
            73.2332486,
            18.7758877,
            0.0
          ],
          [
            73.2333649,
            18.7759038,
            0.0
          ],
          [
            73.2335571,
            18.7759052,
            0.0
          ],
          [
            73.2340965,
            18.7759093,
            0.0
          ],
          [
            73.2348281,
            18.7759752,
            0.0
          ],
          [
            73.2351555,
            18.7760712,
            0.0
          ],
          [
            73.23538,
            18.7761686,
            0.0
          ],
          [
            73.2356118,
            18.7763181,
            0.0
          ],
          [
            73.2360667,
            18.7767666,
            0.0
          ],
          [
            73.2365694,
            18.7773191,
            0.0
          ],
          [
            73.2368132,
            18.7775364,
            0.0
          ],
          [
            73.2370078,
            18.7776411,
            0.0
          ],
          [
            73.2374278,
            18.777742,
            0.0
          ],
          [
            73.2375027,
            18.7777602,
            0.0
          ],
          [
            73.2379651,
            18.7778724,
            0.0
          ],
          [
            73.2386561,
            18.7779987,
            0.0
          ],
          [
            73.2387902,
            18.7780232,
            0.0
          ],
          [
            73.239286,
            18.7780834,
            0.0
          ],
          [
            73.2398041,
            18.7781268,
            0.0
          ],
          [
            73.2400031,
            18.7781435,
            0.0
          ],
          [
            73.2411381,
            18.7781512,
            0.0
          ],
          [
            73.2418666,
            18.7782098,
            0.0
          ],
          [
            73.2419281,
            18.7782147,
            0.0
          ],
          [
            73.2423694,
            18.7782502,
            0.0
          ],
          [
            73.2427259,
            18.7782715,
            0.0
          ],
          [
            73.243111,
            18.7783239,
            0.0
          ],
          [
            73.2432156,
            18.7783456,
            0.0
          ],
          [
            73.2438618,
            18.7784797,
            0.0
          ],
          [
            73.2457509,
            18.7788501,
            0.0
          ],
          [
            73.2459193,
            18.7788692,
            0.0
          ],
          [
            73.2460899,
            18.7788885,
            0.0
          ],
          [
            73.2472653,
            18.778891,
            0.0
          ],
          [
            73.2493345,
            18.7788561,
            0.0
          ],
          [
            73.2506457,
            18.7788212,
            0.0
          ],
          [
            73.2512808,
            18.7788833,
            0.0
          ],
          [
            73.2518831,
            18.7790423,
            0.0
          ],
          [
            73.2520647,
            18.7790903,
            0.0
          ],
          [
            73.252715,
            18.7792624,
            0.0
          ],
          [
            73.2529846,
            18.7793337,
            0.0
          ],
          [
            73.2535917,
            18.7795002,
            0.0
          ],
          [
            73.2540486,
            18.7795928,
            0.0
          ],
          [
            73.2548159,
            18.7796798,
            0.0
          ],
          [
            73.2553171,
            18.7797594,
            0.0
          ],
          [
            73.255736,
            18.7798743,
            0.0
          ],
          [
            73.2559254,
            18.7799262,
            0.0
          ],
          [
            73.2561804,
            18.7800935,
            0.0
          ],
          [
            73.2564296,
            18.7802828,
            0.0
          ],
          [
            73.2566469,
            18.7805434,
            0.0
          ],
          [
            73.2567309,
            18.780719,
            0.0
          ],
          [
            73.2569006,
            18.7813757,
            0.0
          ],
          [
            73.2569897,
            18.7815901,
            0.0
          ],
          [
            73.2572413,
            18.7819083,
            0.0
          ],
          [
            73.2573826,
            18.7822012,
            0.0
          ],
          [
            73.2574687,
            18.7824223,
            0.0
          ],
          [
            73.2576305,
            18.782593,
            0.0
          ],
          [
            73.257987,
            18.782723,
            0.0
          ],
          [
            73.2582027,
            18.7827936,
            0.0
          ],
          [
            73.2582627,
            18.7828132,
            0.0
          ],
          [
            73.2583011,
            18.7828257,
            0.0
          ],
          [
            73.2589267,
            18.7830303,
            0.0
          ],
          [
            73.2606478,
            18.7839417,
            0.0
          ],
          [
            73.261106,
            18.7841838,
            0.0
          ],
          [
            73.2619738,
            18.7846422,
            0.0
          ],
          [
            73.2623221,
            18.7848167,
            0.0
          ],
          [
            73.2624256,
            18.7849088,
            0.0
          ],
          [
            73.2625249,
            18.7849971,
            0.0
          ],
          [
            73.2645739,
            18.7872205,
            0.0
          ],
          [
            73.2647112,
            18.7873695,
            0.0
          ],
          [
            73.2655428,
            18.7880251,
            0.0
          ],
          [
            73.2663483,
            18.7889358,
            0.0
          ],
          [
            73.2664876,
            18.7890833,
            0.0
          ],
          [
            73.2675434,
            18.7902017,
            0.0
          ],
          [
            73.267664,
            18.7903321,
            0.0
          ],
          [
            73.2678375,
            18.7905198,
            0.0
          ],
          [
            73.2680302,
            18.790668,
            0.0
          ],
          [
            73.2683532,
            18.7907886,
            0.0
          ],
          [
            73.268669,
            18.7908188,
            0.0
          ],
          [
            73.2688253,
            18.7908089,
            0.0
          ],
          [
            73.2691471,
            18.7907886,
            0.0
          ],
          [
            73.2696768,
            18.7907289,
            0.0
          ],
          [
            73.2705025,
            18.7906467,
            0.0
          ],
          [
            73.2709024,
            18.7905808,
            0.0
          ],
          [
            73.2713752,
            18.7904171,
            0.0
          ],
          [
            73.2718618,
            18.7902486,
            0.0
          ],
          [
            73.2719165,
            18.7902297,
            0.0
          ],
          [
            73.2722728,
            18.7901282,
            0.0
          ],
          [
            73.2742147,
            18.789722,
            0.0
          ],
          [
            73.2756415,
            18.7894744,
            0.0
          ],
          [
            73.2760659,
            18.7894007,
            0.0
          ],
          [
            73.2763194,
            18.7893746,
            0.0
          ],
          [
            73.2765816,
            18.7893952,
            0.0
          ],
          [
            73.2767526,
            18.789424,
            0.0
          ],
          [
            73.2769032,
            18.7894802,
            0.0
          ],
          [
            73.2771785,
            18.7896435,
            0.0
          ],
          [
            73.2776681,
            18.7900234,
            0.0
          ],
          [
            73.2779005,
            18.7902328,
            0.0
          ],
          [
            73.2780091,
            18.790386,
            0.0
          ],
          [
            73.2781966,
            18.7906449,
            0.0
          ],
          [
            73.2783686,
            18.7907913,
            0.0
          ],
          [
            73.2788757,
            18.7911579,
            0.0
          ],
          [
            73.2789413,
            18.7912376,
            0.0
          ],
          [
            73.2791059,
            18.7914595,
            0.0
          ],
          [
            73.2793877,
            18.7917705,
            0.0
          ]
        ]
      }
    },
    {
      "type": "Feature",
      "id": 221156572,
      "properties": {
        "name": "motorway_link",
        "ref": "",
        "highway": "motorway_link",
        "bridge": "yes",
        "tunnel": "no",
        "layer": "1",
        "lanes": "2",
        "maxspeed": "60",
        "oneway": "yes"
      },
      "geometry": {
        "type": "LineString",
        "coordinates": [
          [
            73.4266521,
            18.7601719,
            0.0
          ],
          [
            73.4251901,
            18.7605011,
            0.0
          ],
          [
            73.424985,
            18.7606372,
            0.0
          ]
        ]
      }
    },
    {
      "type": "Feature",
      "id": 221156573,
      "properties": {
        "name": "motorway_link",
        "ref": "",
        "highway": "motorway_link",
        "bridge": "yes",
        "tunnel": "no",
        "layer": "1",
        "lanes": "2",
        "maxspeed": "60",
        "oneway": "yes"
      },
      "geometry": {
        "type": "LineString",
        "coordinates": [
          [
            73.4293937,
            18.7576678,
            0.0
          ],
          [
            73.4293346,
            18.7574962,
            0.0
          ]
        ]
      }
    },
    {
      "type": "Feature",
      "id": 221447531,
      "properties": {
        "name": "motorway_link",
        "ref": "",
        "highway": "motorway_link",
        "bridge": "no",
        "tunnel": "no",
        "layer": "0",
        "lanes": "2",
        "maxspeed": "60",
        "oneway": "yes"
      },
      "geometry": {
        "type": "LineString",
        "coordinates": [
          [
            73.4277527,
            18.7603962,
            0.0
          ],
          [
            73.427945,
            18.7603916,
            0.0
          ],
          [
            73.4281241,
            18.7604178,
            0.0
          ],
          [
            73.4284633,
            18.7605248,
            0.0
          ],
          [
            73.4289243,
            18.7606995,
            0.0
          ],
          [
            73.4291856,
            18.7607712,
            0.0
          ],
          [
            73.4293964,
            18.760829,
            0.0
          ],
          [
            73.4294861,
            18.7608414,
            0.0
          ],
          [
            73.4295914,
            18.7608337,
            0.0
          ],
          [
            73.4296817,
            18.7608078,
            0.0
          ],
          [
            73.4297748,
            18.7607637,
            0.0
          ],
          [
            73.4298705,
            18.7607002,
            0.0
          ],
          [
            73.4299595,
            18.7606147,
            0.0
          ],
          [
            73.4309903,
            18.7595434,
            0.0
          ],
          [
            73.431207,
            18.759304,
            0.0
          ],
          [
            73.4313478,
            18.759156,
            0.0
          ]
        ]
      }
    },
    {
      "type": "Feature",
      "id": 221473913,
      "properties": {
        "name": "Mumbai - Pune Expressway",
        "ref": "MPE",
        "highway": "motorway",
        "bridge": "no",
        "tunnel": "no",
        "layer": "0",
        "lanes": "3",
        "maxspeed": "60",
        "oneway": "yes"
      },
      "geometry": {
        "type": "LineString",
        "coordinates": [
          [
            73.3722284,
            18.7582238,
            0.0
          ],
          [
            73.3721378,
            18.7583003,
            0.0
          ],
          [
            73.3720737,
            18.7583654,
            0.0
          ],
          [
            73.3720243,
            18.7584436,
            0.0
          ],
          [
            73.371992,
            18.7585313,
            0.0
          ],
          [
            73.3719701,
            18.7586106,
            0.0
          ],
          [
            73.3719448,
            18.7587397,
            0.0
          ],
          [
            73.3715229,
            18.7608586,
            0.0
          ],
          [
            73.3714167,
            18.7613819,
            0.0
          ],
          [
            73.3713627,
            18.7615689,
            0.0
          ],
          [
            73.3711668,
            18.7621791,
            0.0
          ],
          [
            73.3707861,
            18.763186,
            0.0
          ],
          [
            73.3704759,
            18.7639346,
            0.0
          ],
          [
            73.370227,
            18.7645807,
            0.0
          ],
          [
            73.3697241,
            18.7655057,
            0.0
          ],
          [
            73.3694823,
            18.7660041,
            0.0
          ],
          [
            73.3683262,
            18.7680744,
            0.0
          ]
        ]
      }
    },
    {
      "type": "Feature",
      "id": 221473914,
      "properties": {
        "name": "Mumbai - Pune Expressway",
        "ref": "MPE;NH48",
        "highway": "motorway",
        "bridge": "no",
        "tunnel": "no",
        "layer": "0",
        "lanes": "3",
        "maxspeed": "60",
        "oneway": "yes"
      },
      "geometry": {
        "type": "LineString",
        "coordinates": [
          [
            73.3729125,
            18.7582061,
            0.0
          ],
          [
            73.3730286,
            18.7582501,
            0.0
          ],
          [
            73.3731593,
            18.7583143,
            0.0
          ],
          [
            73.3733965,
            18.7584876,
            0.0
          ]
        ]
      }
    },
    {
      "type": "Feature",
      "id": 221473915,
      "properties": {
        "name": "Mumbai - Pune Expressway",
        "ref": "MPE",
        "highway": "motorway",
        "bridge": "yes",
        "tunnel": "no",
        "layer": "1",
        "lanes": "3",
        "maxspeed": "60",
        "oneway": "yes"
      },
      "geometry": {
        "type": "LineString",
        "coordinates": [
          [
            73.3728872,
            18.7580853,
            0.0
          ],
          [
            73.3727458,
            18.7580634,
            0.0
          ],
          [
            73.3725994,
            18.7580747,
            0.0
          ],
          [
            73.3724652,
            18.7581063,
            0.0
          ],
          [
            73.3723284,
            18.7581594,
            0.0
          ],
          [
            73.3722284,
            18.7582238,
            0.0
          ]
        ]
      }
    },
    {
      "type": "Feature",
      "id": 221473916,
      "properties": {
        "name": "Mumbai - Pune Expressway",
        "ref": "MPE;NH48",
        "highway": "motorway",
        "bridge": "yes",
        "tunnel": "no",
        "layer": "1",
        "lanes": "3",
        "maxspeed": "60",
        "oneway": "yes"
      },
      "geometry": {
        "type": "LineString",
        "coordinates": [
          [
            73.372259,
            18.7583344,
            0.0
          ],
          [
            73.3723531,
            18.7582752,
            0.0
          ],
          [
            73.3724497,
            18.7582293,
            0.0
          ],
          [
            73.3725495,
            18.7581967,
            0.0
          ],
          [
            73.3726581,
            18.7581782,
            0.0
          ],
          [
            73.3727449,
            18.7581737,
            0.0
          ],
          [
            73.3728415,
            18.7581864,
            0.0
          ],
          [
            73.3729125,
            18.7582061,
            0.0
          ]
        ]
      }
    },
    {
      "type": "Feature",
      "id": 221478904,
      "properties": {
        "name": "Mumbai - Pune Expressway",
        "ref": "MPE;NH48",
        "highway": "motorway",
        "bridge": "no",
        "tunnel": "no",
        "layer": "0",
        "lanes": "3",
        "maxspeed": "60",
        "oneway": "yes"
      },
      "geometry": {
        "type": "LineString",
        "coordinates": [
          [
            73.3545794,
            18.7660993,
            0.0
          ],
          [
            73.3550779,
            18.7666772,
            0.0
          ],
          [
            73.3561394,
            18.7680433,
            0.0
          ],
          [
            73.3562859,
            18.7682112,
            0.0
          ],
          [
            73.3564349,
            18.7683552,
            0.0
          ],
          [
            73.3566131,
            18.7684803,
            0.0
          ],
          [
            73.3568094,
            18.7685687,
            0.0
          ],
          [
            73.3571073,
            18.7686642,
            0.0
          ],
          [
            73.3573991,
            18.7687642,
            0.0
          ],
          [
            73.3575522,
            18.7688422,
            0.0
          ],
          [
            73.3576985,
            18.76894,
            0.0
          ],
          [
            73.3578404,
            18.7690812,
            0.0
          ],
          [
            73.3579956,
            18.7693023,
            0.0
          ],
          [
            73.3592152,
            18.771484,
            0.0
          ],
          [
            73.3593663,
            18.7716929,
            0.0
          ],
          [
            73.3594535,
            18.7717819,
            0.0
          ],
          [
            73.3595558,
            18.7718563,
            0.0
          ],
          [
            73.3596698,
            18.7719133,
            0.0
          ],
          [
            73.3597923,
            18.7719514,
            0.0
          ],
          [
            73.3599199,
            18.7719695,
            0.0
          ],
          [
            73.3600488,
            18.7719671,
            0.0
          ],
          [
            73.3601754,
            18.7719443,
            0.0
          ],
          [
            73.3602963,
            18.7719017,
            0.0
          ],
          [
            73.3604078,
            18.7718404,
            0.0
          ],
          [
            73.360507,
            18.7717624,
            0.0
          ],
          [
            73.3605909,
            18.7716697,
            0.0
          ],
          [
            73.3606572,
            18.7715649,
            0.0
          ],
          [
            73.3607039,
            18.7714512,
            0.0
          ],
          [
            73.3607299,
            18.7713316,
            0.0
          ],
          [
            73.3607343,
            18.7712096,
            0.0
          ],
          [
            73.3607167,
            18.771086,
            0.0
          ],
          [
            73.360679,
            18.7709824,
            0.0
          ],
          [
            73.3606217,
            18.7708685,
            0.0
          ],
          [
            73.3592312,
            18.7684267,
            0.0
          ],
          [
            73.358893,
            18.7679024,
            0.0
          ],
          [
            73.3586268,
            18.7675622,
            0.0
          ],
          [
            73.3582895,
            18.7671917,
            0.0
          ],
          [
            73.3577951,
            18.7667436,
            0.0
          ],
          [
            73.3575153,
            18.7665436,
            0.0
          ],
          [
            73.3572566,
            18.7663586,
            0.0
          ],
          [
            73.3567801,
            18.7660932,
            0.0
          ],
          [
            73.3563062,
            18.7658406,
            0.0
          ],
          [
            73.3560062,
            18.7656566,
            0.0
          ],
          [
            73.3543817,
            18.764458,
            0.0
          ],
          [
            73.3542339,
            18.7643528,
            0.0
          ],
          [
            73.3541175,
            18.7642426,
            0.0
          ],
          [
            73.3540003,
            18.7641021,
            0.0
          ],
          [
            73.3538979,
            18.7639581,
            0.0
          ],
          [
            73.3537943,
            18.763764,
            0.0
          ],
          [
            73.3537451,
            18.763631,
            0.0
          ],
          [
            73.3537148,
            18.7634942,
            0.0
          ],
          [
            73.3537101,
            18.7633557,
            0.0
          ],
          [
            73.3537307,
            18.7632186,
            0.0
          ],
          [
            73.3537761,
            18.7630869,
            0.0
          ],
          [
            73.353845,
            18.7629646,
            0.0
          ],
          [
            73.3539351,
            18.7628555,
            0.0
          ],
          [
            73.3540439,
            18.7627628,
            0.0
          ],
          [
            73.3541679,
            18.7626893,
            0.0
          ],
          [
            73.3543035,
            18.7626373,
            0.0
          ],
          [
            73.3544466,
            18.7626083,
            0.0
          ],
          [
            73.3545928,
            18.7626032,
            0.0
          ],
          [
            73.3547378,
            18.7626221,
            0.0
          ],
          [
            73.3548771,
            18.7626646,
            0.0
          ],
          [
            73.3550065,
            18.7627292,
            0.0
          ],
          [
            73.3551221,
            18.762814,
            0.0
          ],
          [
            73.3552201,
            18.7629162,
            0.0
          ],
          [
            73.3553532,
            18.7631243,
            0.0
          ],
          [
            73.3554772,
            18.7633798,
            0.0
          ],
          [
            73.3556043,
            18.7636967,
            0.0
          ],
          [
            73.3558622,
            18.7644549,
            0.0
          ],
          [
            73.3559373,
            18.7646943,
            0.0
          ],
          [
            73.3559447,
            18.764718,
            0.0
          ],
          [
            73.3560401,
            18.7649329,
            0.0
          ],
          [
            73.3561701,
            18.7651324,
            0.0
          ],
          [
            73.3563189,
            18.765281,
            0.0
          ],
          [
            73.3565576,
            18.7654475,
            0.0
          ],
          [
            73.356762,
            18.7655591,
            0.0
          ],
          [
            73.356992,
            18.7656406,
            0.0
          ],
          [
            73.3570302,
            18.7656541,
            0.0
          ],
          [
            73.3577332,
            18.7657964,
            0.0
          ],
          [
            73.3579914,
            18.765861,
            0.0
          ],
          [
            73.3582242,
            18.7659508,
            0.0
          ],
          [
            73.358441,
            18.7660515,
            0.0
          ],
          [
            73.3587013,
            18.7662079,
            0.0
          ],
          [
            73.3589243,
            18.766361,
            0.0
          ],
          [
            73.3592357,
            18.7666238,
            0.0
          ],
          [
            73.3594183,
            18.766738,
            0.0
          ],
          [
            73.3595722,
            18.7667953,
            0.0
          ],
          [
            73.3596541,
            18.7668073,
            0.0
          ],
          [
            73.359736,
            18.7668046,
            0.0
          ],
          [
            73.3598679,
            18.7667859,
            0.0
          ],
          [
            73.3600333,
            18.7667324,
            0.0
          ],
          [
            73.3600932,
            18.7667193,
            0.0
          ],
          [
            73.3601543,
            18.7667187,
            0.0
          ],
          [
            73.3602146,
            18.766734,
            0.0
          ],
          [
            73.3602702,
            18.766762,
            0.0
          ],
          [
            73.3604043,
            18.7668723,
            0.0
          ],
          [
            73.3605298,
            18.766996,
            0.0
          ],
          [
            73.3613673,
            18.7677613,
            0.0
          ],
          [
            73.3614872,
            18.7678962,
            0.0
          ],
          [
            73.3615809,
            18.7680513,
            0.0
          ],
          [
            73.3616868,
            18.7683184,
            0.0
          ],
          [
            73.3617082,
            18.7683824,
            0.0
          ],
          [
            73.3617411,
            18.7684809,
            0.0
          ],
          [
            73.361838,
            18.7686707,
            0.0
          ],
          [
            73.3621075,
            18.7691029,
            0.0
          ],
          [
            73.3622261,
            18.7692933,
            0.0
          ],
          [
            73.3623411,
            18.7695222,
            0.0
          ],
          [
            73.3625001,
            18.7698731,
            0.0
          ],
          [
            73.3626266,
            18.7700919,
            0.0
          ],
          [
            73.3627324,
            18.7702207,
            0.0
          ],
          [
            73.3628643,
            18.7703545,
            0.0
          ],
          [
            73.3631895,
            18.7706633,
            0.0
          ],
          [
            73.3634708,
            18.7709318,
            0.0
          ],
          [
            73.3636304,
            18.7710426,
            0.0
          ],
          [
            73.3637923,
            18.7711502,
            0.0
          ],
          [
            73.3639767,
            18.7712263,
            0.0
          ],
          [
            73.3642742,
            18.7713375,
            0.0
          ],
          [
            73.3646583,
            18.7714244,
            0.0
          ]
        ]
      }
    },
    {
      "type": "Feature",
      "id": 221478905,
      "properties": {
        "name": "Mumbai - Pune Expressway",
        "ref": "MPE;NH48",
        "highway": "motorway",
        "bridge": "viaduct",
        "tunnel": "no",
        "layer": "1",
        "lanes": "3",
        "maxspeed": "60",
        "oneway": "yes"
      },
      "geometry": {
        "type": "LineString",
        "coordinates": [
          [
            73.3540503,
            18.7655841,
            0.0
          ],
          [
            73.3542808,
            18.7658077,
            0.0
          ],
          [
            73.3545541,
            18.7660729,
            0.0
          ],
          [
            73.3545794,
            18.7660993,
            0.0
          ]
        ]
      }
    },
    {
      "type": "Feature",
      "id": 221478908,
      "properties": {
        "name": "Mumbai - Pune Expressway",
        "ref": "MPE",
        "highway": "motorway",
        "bridge": "viaduct",
        "tunnel": "no",
        "layer": "1",
        "lanes": "3",
        "maxspeed": "60",
        "oneway": "yes"
      },
      "geometry": {
        "type": "LineString",
        "coordinates": [
          [
            73.3544486,
            18.7658033,
            0.0
          ],
          [
            73.3541212,
            18.7654857,
            0.0
          ]
        ]
      }
    },
    {
      "type": "Feature",
      "id": 221478911,
      "properties": {
        "name": "Mumbai - Pune Expressway",
        "ref": "MPE;NH48",
        "highway": "motorway",
        "bridge": "no",
        "tunnel": "no",
        "layer": "0",
        "lanes": "3",
        "maxspeed": "60",
        "oneway": "yes"
      },
      "geometry": {
        "type": "LineString",
        "coordinates": [
          [
            73.3541212,
            18.7654857,
            0.0
          ],
          [
            73.3535856,
            18.7649661,
            0.0
          ],
          [
            73.3533116,
            18.7647057,
            0.0
          ],
          [
            73.3531598,
            18.7646023,
            0.0
          ],
          [
            73.3530578,
            18.7645552,
            0.0
          ],
          [
            73.3530105,
            18.7645392,
            0.0
          ]
        ]
      }
    },
    {
      "type": "Feature",
      "id": 221498619,
      "properties": {
        "name": "Mumbai - Pune Expressway",
        "ref": "MPE",
        "highway": "motorway",
        "bridge": "no",
        "tunnel": "no",
        "layer": "0",
        "lanes": "3",
        "maxspeed": "100",
        "oneway": "yes"
      },
      "geometry": {
        "type": "LineString",
        "coordinates": [
          [
            73.2941396,
            18.792913,
            0.0
          ],
          [
            73.2930398,
            18.7932916,
            0.0
          ],
          [
            73.2927537,
            18.7933901,
            0.0
          ],
          [
            73.2923089,
            18.7935432,
            0.0
          ],
          [
            73.2916825,
            18.7937611,
            0.0
          ],
          [
            73.2912648,
            18.7939357,
            0.0
          ],
          [
            73.2910978,
            18.7940078,
            0.0
          ],
          [
            73.2908484,
            18.7941155,
            0.0
          ],
          [
            73.2905037,
            18.7943068,
            0.0
          ],
          [
            73.2902664,
            18.7944532,
            0.0
          ],
          [
            73.290158,
            18.79452,
            0.0
          ],
          [
            73.2899111,
            18.7946895,
            0.0
          ],
          [
            73.2898589,
            18.7947253,
            0.0
          ],
          [
            73.2898276,
            18.7947465,
            0.0
          ],
          [
            73.2897351,
            18.7948171,
            0.0
          ],
          [
            73.2895358,
            18.7949693,
            0.0
          ],
          [
            73.2894448,
            18.795041,
            0.0
          ],
          [
            73.2890775,
            18.7953688,
            0.0
          ],
          [
            73.2886474,
            18.7958336,
            0.0
          ],
          [
            73.2883406,
            18.796223,
            0.0
          ],
          [
            73.2881631,
            18.7964792,
            0.0
          ],
          [
            73.2864716,
            18.7991172,
            0.0
          ],
          [
            73.2860473,
            18.7996882,
            0.0
          ]
        ]
      }
    },
    {
      "type": "Feature",
      "id": 221498620,
      "properties": {
        "name": "Mumbai - Pune Expressway",
        "ref": "MPE",
        "highway": "motorway",
        "bridge": "no",
        "tunnel": "no",
        "layer": "0",
        "lanes": "3",
        "maxspeed": "60",
        "oneway": "yes"
      },
      "geometry": {
        "type": "LineString",
        "coordinates": [
          [
            73.3261625,
            18.7723274,
            0.0
          ],
          [
            73.3256827,
            18.7721802,
            0.0
          ],
          [
            73.3251697,
            18.7721067,
            0.0
          ],
          [
            73.3247239,
            18.7720973,
            0.0
          ],
          [
            73.3242856,
            18.7721209,
            0.0
          ],
          [
            73.3238125,
            18.7722029,
            0.0
          ],
          [
            73.3233311,
            18.7723635,
            0.0
          ],
          [
            73.322828,
            18.7725852,
            0.0
          ],
          [
            73.3222954,
            18.7729282,
            0.0
          ],
          [
            73.3221186,
            18.7730769,
            0.0
          ],
          [
            73.321934,
            18.7732323,
            0.0
          ],
          [
            73.3216163,
            18.7736089,
            0.0
          ],
          [
            73.321372,
            18.7739771,
            0.0
          ],
          [
            73.3202675,
            18.7761301,
            0.0
          ],
          [
            73.3200864,
            18.7764323,
            0.0
          ],
          [
            73.3198614,
            18.7767284,
            0.0
          ],
          [
            73.3195839,
            18.7770135,
            0.0
          ],
          [
            73.3192648,
            18.7772753,
            0.0
          ],
          [
            73.3189629,
            18.7774813,
            0.0
          ],
          [
            73.3186866,
            18.7776412,
            0.0
          ]
        ]
      }
    },
    {
      "type": "Feature",
      "id": 221498621,
      "properties": {
        "name": "Mumbai - Pune Expressway",
        "ref": "MPE",
        "highway": "motorway",
        "bridge": "no",
        "tunnel": "no",
        "layer": "0",
        "lanes": "3",
        "maxspeed": "60",
        "oneway": "yes"
      },
      "geometry": {
        "type": "LineString",
        "coordinates": [
          [
            73.3187776,
            18.7777991,
            0.0
          ],
          [
            73.319068,
            18.777631,
            0.0
          ],
          [
            73.3193827,
            18.7774163,
            0.0
          ],
          [
            73.3197162,
            18.7771427,
            0.0
          ],
          [
            73.3200087,
            18.7768421,
            0.0
          ],
          [
            73.3202464,
            18.7765294,
            0.0
          ],
          [
            73.3204355,
            18.7762137,
            0.0
          ],
          [
            73.3215382,
            18.7740644,
            0.0
          ],
          [
            73.3217713,
            18.7737131,
            0.0
          ],
          [
            73.3220722,
            18.7733564,
            0.0
          ],
          [
            73.3224123,
            18.7730702,
            0.0
          ],
          [
            73.322922,
            18.7727419,
            0.0
          ],
          [
            73.3234028,
            18.7725301,
            0.0
          ],
          [
            73.3238615,
            18.7723771,
            0.0
          ],
          [
            73.3243082,
            18.7722996,
            0.0
          ],
          [
            73.3247272,
            18.7722771,
            0.0
          ],
          [
            73.3251533,
            18.7722861,
            0.0
          ],
          [
            73.3256389,
            18.7723556,
            0.0
          ],
          [
            73.3272441,
            18.7728482,
            0.0
          ]
        ]
      }
    },
    {
      "type": "Feature",
      "id": 221498622,
      "properties": {
        "name": "Mumbai - Pune Expressway",
        "ref": "MPE",
        "highway": "motorway",
        "bridge": "yes",
        "tunnel": "no",
        "layer": "1",
        "lanes": "3",
        "maxspeed": "100",
        "oneway": "yes"
      },
      "geometry": {
        "type": "LineString",
        "coordinates": [
          [
            73.2942117,
            18.7930794,
            0.0
          ],
          [
            73.2946319,
            18.7929373,
            0.0
          ]
        ]
      }
    },
    {
      "type": "Feature",
      "id": 221498623,
      "properties": {
        "name": "Mumbai - Pune Expressway",
        "ref": "MPE",
        "highway": "motorway",
        "bridge": "no",
        "tunnel": "no",
        "layer": "0",
        "lanes": "3",
        "maxspeed": "60",
        "oneway": "yes"
      },
      "geometry": {
        "type": "LineString",
        "coordinates": [
          [
            73.3181835,
            18.7779324,
            0.0
          ],
          [
            73.3173125,
            18.7784366,
            0.0
          ],
          [
            73.3161586,
            18.7791045,
            0.0
          ]
        ]
      }
    },
    {
      "type": "Feature",
      "id": 221498624,
      "properties": {
        "name": "Mumbai - Pune Expressway",
        "ref": "MPE",
        "highway": "motorway",
        "bridge": "viaduct",
        "tunnel": "no",
        "layer": "1",
        "lanes": "3",
        "maxspeed": "60",
        "oneway": "yes"
      },
      "geometry": {
        "type": "LineString",
        "coordinates": [
          [
            73.3182807,
            18.7780868,
            0.0
          ],
          [
            73.3187776,
            18.7777991,
            0.0
          ]
        ]
      }
    },
    {
      "type": "Feature",
      "id": 221498625,
      "properties": {
        "name": "Mumbai - Pune Expressway",
        "ref": "MPE",
        "highway": "motorway",
        "bridge": "no",
        "tunnel": "no",
        "layer": "0",
        "lanes": "3",
        "maxspeed": "60",
        "oneway": "yes"
      },
      "geometry": {
        "type": "LineString",
        "coordinates": [
          [
            73.3160745,
            18.7793637,
            0.0
          ],
          [
            73.3174252,
            18.7785819,
            0.0
          ],
          [
            73.3182807,
            18.7780868,
            0.0
          ]
        ]
      }
    },
    {
      "type": "Feature",
      "id": 221498627,
      "properties": {
        "name": "Mumbai - Pune Expressway",
        "ref": "MPE",
        "highway": "motorway",
        "bridge": "yes",
        "tunnel": "no",
        "layer": "1",
        "lanes": "3",
        "maxspeed": "100",
        "oneway": "yes"
      },
      "geometry": {
        "type": "LineString",
        "coordinates": [
          [
            73.2945626,
            18.7927674,
            0.0
          ],
          [
            73.2941396,
            18.792913,
            0.0
          ]
        ]
      }
    },
    {
      "type": "Feature",
      "id": 221498628,
      "properties": {
        "name": "Mumbai - Pune Expressway",
        "ref": "MPE",
        "highway": "motorway",
        "bridge": "viaduct",
        "tunnel": "no",
        "layer": "1",
        "lanes": "3",
        "maxspeed": "60",
        "oneway": "yes"
      },
      "geometry": {
        "type": "LineString",
        "coordinates": [
          [
            73.3186866,
            18.7776412,
            0.0
          ],
          [
            73.3181835,
            18.7779324,
            0.0
          ]
        ]
      }
    },
    {
      "type": "Feature",
      "id": 221498630,
      "properties": {
        "name": "Mumbai - Pune Expressway",
        "ref": "MPE",
        "highway": "motorway",
        "bridge": "no",
        "tunnel": "no",
        "layer": "0",
        "lanes": "3",
        "maxspeed": "100",
        "oneway": "yes"
      },
      "geometry": {
        "type": "LineString",
        "coordinates": [
          [
            73.3096662,
            18.7871393,
            0.0
          ],
          [
            73.3091206,
            18.7875023,
            0.0
          ],
          [
            73.3083486,
            18.7879231,
            0.0
          ],
          [
            73.3076988,
            18.788229,
            0.0
          ],
          [
            73.306962,
            18.7884991,
            0.0
          ],
          [
            73.3067235,
            18.7885812,
            0.0
          ],
          [
            73.3048089,
            18.7892403,
            0.0
          ],
          [
            73.3020194,
            18.7902005,
            0.0
          ]
        ]
      }
    },
    {
      "type": "Feature",
      "id": 221498631,
      "properties": {
        "name": "Mumbai - Pune Expressway",
        "ref": "MPE",
        "highway": "motorway",
        "bridge": "no",
        "tunnel": "no",
        "layer": "0",
        "lanes": "3",
        "maxspeed": "100",
        "oneway": "yes"
      },
      "geometry": {
        "type": "LineString",
        "coordinates": [
          [
            73.2946319,
            18.7929373,
            0.0
          ],
          [
            73.2947122,
            18.7929093,
            0.0
          ],
          [
            73.2963369,
            18.7924048,
            0.0
          ],
          [
            73.3031006,
            18.7900155,
            0.0
          ],
          [
            73.3069542,
            18.7886929,
            0.0
          ],
          [
            73.3070287,
            18.7886673,
            0.0
          ],
          [
            73.3077754,
            18.7883936,
            0.0
          ],
          [
            73.3084383,
            18.7880815,
            0.0
          ],
          [
            73.3092227,
            18.7876539,
            0.0
          ],
          [
            73.3097828,
            18.7872813,
            0.0
          ]
        ]
      }
    },
    {
      "type": "Feature",
      "id": 221498633,
      "properties": {
        "name": "Mumbai - Pune Expressway Missing Link",
        "ref": "MPE",
        "highway": "motorway",
        "bridge": "viaduct",
        "tunnel": "no",
        "layer": "1",
        "lanes": "3",
        "maxspeed": "60",
        "oneway": "yes"
      },
      "geometry": {
        "type": "LineString",
        "coordinates": [
          [
            73.3287587,
            18.7728507,
            0.0
          ],
          [
            73.3283825,
            18.7728193,
            0.0
          ],
          [
            73.3279199,
            18.7727612,
            0.0
          ],
          [
            73.3272968,
            18.7726409,
            0.0
          ]
        ]
      }
    },
    {
      "type": "Feature",
      "id": 221498634,
      "properties": {
        "name": "Mumbai - Pune Expressway",
        "ref": "MPE",
        "highway": "motorway",
        "bridge": "viaduct",
        "tunnel": "no",
        "layer": "1",
        "lanes": "3",
        "maxspeed": "60",
        "oneway": "yes"
      },
      "geometry": {
        "type": "LineString",
        "coordinates": [
          [
            73.3272441,
            18.7728482,
            0.0
          ],
          [
            73.3278898,
            18.7729831,
            0.0
          ],
          [
            73.3283553,
            18.7730312,
            0.0
          ],
          [
            73.328754,
            18.7730378,
            0.0
          ]
        ]
      }
    },
    {
      "type": "Feature",
      "id": 221498636,
      "properties": {
        "name": "Mumbai - Pune Expressway",
        "ref": "MPE",
        "highway": "motorway",
        "bridge": "viaduct",
        "tunnel": "no",
        "layer": "1",
        "lanes": "3",
        "maxspeed": "60",
        "oneway": "yes"
      },
      "geometry": {
        "type": "LineString",
        "coordinates": [
          [
            73.3146912,
            18.7803901,
            0.0
          ],
          [
            73.3150504,
            18.7800541,
            0.0
          ],
          [
            73.315289,
            18.7798599,
            0.0
          ],
          [
            73.3155526,
            18.7796735,
            0.0
          ],
          [
            73.3159118,
            18.7794579,
            0.0
          ],
          [
            73.3160745,
            18.7793637,
            0.0
          ]
        ]
      }
    },
    {
      "type": "Feature",
      "id": 221498637,
      "properties": {
        "name": "Mumbai - Pune Expressway",
        "ref": "MPE",
        "highway": "motorway",
        "bridge": "viaduct",
        "tunnel": "no",
        "layer": "1",
        "lanes": "3",
        "maxspeed": "60",
        "oneway": "yes"
      },
      "geometry": {
        "type": "LineString",
        "coordinates": [
          [
            73.3161586,
            18.7791045,
            0.0
          ],
          [
            73.3158115,
            18.7793054,
            0.0
          ],
          [
            73.3154449,
            18.7795255,
            0.0
          ],
          [
            73.3151703,
            18.7797196,
            0.0
          ],
          [
            73.3149217,
            18.779922,
            0.0
          ],
          [
            73.3145184,
            18.7802991,
            0.0
          ],
          [
            73.3144197,
            18.780408,
            0.0
          ]
        ]
      }
    },
    {
      "type": "Feature",
      "id": 221498638,
      "properties": {
        "name": "motorway_link",
        "ref": "",
        "highway": "motorway_link",
        "bridge": "no",
        "tunnel": "no",
        "layer": "0",
        "lanes": "2",
        "maxspeed": "60",
        "oneway": "no"
      },
      "geometry": {
        "type": "LineString",
        "coordinates": [
          [
            73.2841705,
            18.8046579,
            0.0
          ],
          [
            73.284052,
            18.8049671,
            0.0
          ],
          [
            73.283953,
            18.805164,
            0.0
          ]
        ]
      }
    },
    {
      "type": "Feature",
      "id": 221511077,
      "properties": {
        "name": "Mumbai - Pune Expressway",
        "ref": "MPE",
        "highway": "motorway",
        "bridge": "no",
        "tunnel": "no",
        "layer": "0",
        "lanes": "3",
        "maxspeed": "100",
        "oneway": "yes"
      },
      "geometry": {
        "type": "LineString",
        "coordinates": [
          [
            73.2551918,
            18.8302867,
            0.0
          ],
          [
            73.2603747,
            18.8280948,
            0.0
          ],
          [
            73.2609085,
            18.8278522,
            0.0
          ],
          [
            73.2613087,
            18.8276415,
            0.0
          ],
          [
            73.2617087,
            18.8274113,
            0.0
          ],
          [
            73.2620805,
            18.8271527,
            0.0
          ],
          [
            73.2624749,
            18.8268385,
            0.0
          ],
          [
            73.2629168,
            18.8264366,
            0.0
          ],
          [
            73.2632759,
            18.8260514,
            0.0
          ],
          [
            73.2636377,
            18.8255998,
            0.0
          ],
          [
            73.263961,
            18.8251476,
            0.0
          ],
          [
            73.2648332,
            18.8238782,
            0.0
          ],
          [
            73.266296,
            18.8217493,
            0.0
          ],
          [
            73.2665735,
            18.8213722,
            0.0
          ],
          [
            73.2668663,
            18.8210588,
            0.0
          ],
          [
            73.2672632,
            18.8206678,
            0.0
          ],
          [
            73.2677176,
            18.8203039,
            0.0
          ],
          [
            73.2681587,
            18.8199935,
            0.0
          ],
          [
            73.2736297,
            18.8163911,
            0.0
          ],
          [
            73.2760739,
            18.8147817,
            0.0
          ],
          [
            73.2764486,
            18.814506,
            0.0
          ],
          [
            73.276876,
            18.8141626,
            0.0
          ],
          [
            73.2772675,
            18.8137938,
            0.0
          ],
          [
            73.2777184,
            18.8132844,
            0.0
          ],
          [
            73.2780857,
            18.8127916,
            0.0
          ],
          [
            73.2830992,
            18.805115,
            0.0
          ]
        ]
      }
    },
    {
      "type": "Feature",
      "id": 262969122,
      "properties": {
        "name": "NH548A",
        "ref": "NH548A",
        "highway": "trunk",
        "bridge": "no",
        "tunnel": "no",
        "layer": "0",
        "lanes": "2",
        "maxspeed": "60",
        "oneway": "no"
      },
      "geometry": {
        "type": "LineString",
        "coordinates": [
          [
            73.2793877,
            18.7917705,
            0.0
          ],
          [
            73.2794915,
            18.7919497,
            0.0
          ],
          [
            73.2795375,
            18.7920125,
            0.0
          ],
          [
            73.2799833,
            18.7924609,
            0.0
          ],
          [
            73.2801818,
            18.7926568,
            0.0
          ],
          [
            73.28034,
            18.792865,
            0.0
          ],
          [
            73.2804264,
            18.7930624,
            0.0
          ],
          [
            73.28045,
            18.7931164,
            0.0
          ],
          [
            73.2807584,
            18.7939899,
            0.0
          ],
          [
            73.2811634,
            18.7950538,
            0.0
          ],
          [
            73.281547,
            18.7961075,
            0.0
          ],
          [
            73.2820716,
            18.7975534,
            0.0
          ],
          [
            73.2823034,
            18.7981922,
            0.0
          ],
          [
            73.2824992,
            18.7986848,
            0.0
          ],
          [
            73.2826708,
            18.799185,
            0.0
          ],
          [
            73.2827433,
            18.7994821,
            0.0
          ],
          [
            73.2827942,
            18.7998375,
            0.0
          ],
          [
            73.2828318,
            18.8002717,
            0.0
          ],
          [
            73.2828229,
            18.8005069,
            0.0
          ],
          [
            73.2828178,
            18.8006423,
            0.0
          ],
          [
            73.2826658,
            18.8017279,
            0.0
          ],
          [
            73.282467,
            18.8029403,
            0.0
          ],
          [
            73.2823243,
            18.8039888,
            0.0
          ],
          [
            73.2822948,
            18.804296,
            0.0
          ],
          [
            73.2823082,
            18.8044205,
            0.0
          ],
          [
            73.282349,
            18.804512,
            0.0
          ],
          [
            73.2824209,
            18.8046185,
            0.0
          ],
          [
            73.2825743,
            18.8047481,
            0.0
          ],
          [
            73.2827642,
            18.8048673,
            0.0
          ],
          [
            73.2833414,
            18.8051723,
            0.0
          ],
          [
            73.283475,
            18.8052456,
            0.0
          ],
          [
            73.2835506,
            18.8053296,
            0.0
          ],
          [
            73.283615,
            18.8054438,
            0.0
          ],
          [
            73.2836525,
            18.8055606,
            0.0
          ],
          [
            73.283683,
            18.8056717,
            0.0
          ]
        ]
      }
    },
    {
      "type": "Feature",
      "id": 305888022,
      "properties": {
        "name": "Mumbai - Pune Expressway",
        "ref": "MPE",
        "highway": "motorway",
        "bridge": "yes",
        "tunnel": "no",
        "layer": "1",
        "lanes": "3",
        "maxspeed": "100",
        "oneway": "yes"
      },
      "geometry": {
        "type": "LineString",
        "coordinates": [
          [
            73.4139645,
            18.7647862,
            0.0
          ],
          [
            73.4137663,
            18.7648854,
            0.0
          ]
        ]
      }
    },
    {
      "type": "Feature",
      "id": 305888023,
      "properties": {
        "name": "Mumbai - Pune Expressway",
        "ref": "MPE",
        "highway": "motorway",
        "bridge": "yes",
        "tunnel": "no",
        "layer": "1",
        "lanes": "3",
        "maxspeed": "100",
        "oneway": "yes"
      },
      "geometry": {
        "type": "LineString",
        "coordinates": [
          [
            73.4138555,
            18.7650238,
            0.0
          ],
          [
            73.4140207,
            18.764941,
            0.0
          ]
        ]
      }
    },
    {
      "type": "Feature",
      "id": 305888024,
      "properties": {
        "name": "Mumbai - Pune Expressway",
        "ref": "MPE",
        "highway": "motorway",
        "bridge": "no",
        "tunnel": "no",
        "layer": "0",
        "lanes": "3",
        "maxspeed": "100",
        "oneway": "yes"
      },
      "geometry": {
        "type": "LineString",
        "coordinates": [
          [
            73.4039617,
            18.7692019,
            0.0
          ],
          [
            73.4039239,
            18.7692052,
            0.0
          ],
          [
            73.403592,
            18.7692114,
            0.0
          ],
          [
            73.4030515,
            18.7691828,
            0.0
          ],
          [
            73.4025086,
            18.7691474,
            0.0
          ],
          [
            73.4022109,
            18.7691566,
            0.0
          ],
          [
            73.4017839,
            18.7691863,
            0.0
          ],
          [
            73.4003333,
            18.7693538,
            0.0
          ],
          [
            73.3996328,
            18.7693942,
            0.0
          ],
          [
            73.3991126,
            18.7693987,
            0.0
          ],
          [
            73.3985118,
            18.7693875,
            0.0
          ],
          [
            73.3983756,
            18.7693755,
            0.0
          ],
          [
            73.3979843,
            18.7693447,
            0.0
          ],
          [
            73.3945786,
            18.7690364,
            0.0
          ],
          [
            73.3938306,
            18.7689598,
            0.0
          ],
          [
            73.3933388,
            18.7688867,
            0.0
          ],
          [
            73.3929242,
            18.7688104,
            0.0
          ],
          [
            73.3916549,
            18.7685352,
            0.0
          ],
          [
            73.3910949,
            18.7684004,
            0.0
          ],
          [
            73.390624,
            18.7682525,
            0.0
          ],
          [
            73.3902744,
            18.7680897,
            0.0
          ],
          [
            73.3899449,
            18.7679099,
            0.0
          ],
          [
            73.3896649,
            18.7677169,
            0.0
          ],
          [
            73.3893807,
            18.7674954,
            0.0
          ]
        ]
      }
    },
    {
      "type": "Feature",
      "id": 305888025,
      "properties": {
        "name": "Mumbai - Pune Expressway",
        "ref": "MPE",
        "highway": "motorway",
        "bridge": "no",
        "tunnel": "no",
        "layer": "0",
        "lanes": "3",
        "maxspeed": "100",
        "oneway": "yes"
      },
      "geometry": {
        "type": "LineString",
        "coordinates": [
          [
            73.4140207,
            18.764941,
            0.0
          ],
          [
            73.4142001,
            18.7648511,
            0.0
          ],
          [
            73.4163875,
            18.7638343,
            0.0
          ],
          [
            73.4167658,
            18.7636783,
            0.0
          ],
          [
            73.4169778,
            18.7635909,
            0.0
          ],
          [
            73.4181202,
            18.7631472,
            0.0
          ]
        ]
      }
    },
    {
      "type": "Feature",
      "id": 312446341,
      "properties": {
        "name": "Mumbai - Pune Expressway",
        "ref": "MPE",
        "highway": "motorway",
        "bridge": "no",
        "tunnel": "no",
        "layer": "0",
        "lanes": "3",
        "maxspeed": "100",
        "oneway": "yes"
      },
      "geometry": {
        "type": "LineString",
        "coordinates": [
          [
            73.4309139,
            18.750406,
            0.0
          ],
          [
            73.4310259,
            18.749974,
            0.0
          ],
          [
            73.4311001,
            18.7495801,
            0.0
          ],
          [
            73.4311198,
            18.7491932,
            0.0
          ],
          [
            73.431096,
            18.7488518,
            0.0
          ],
          [
            73.4310486,
            18.7485073,
            0.0
          ],
          [
            73.430901,
            18.747791,
            0.0
          ],
          [
            73.4302905,
            18.7448101,
            0.0
          ]
        ]
      }
    },
    {
      "type": "Feature",
      "id": 312446342,
      "properties": {
        "name": "Mumbai - Pune Expressway",
        "ref": "MPE",
        "highway": "motorway",
        "bridge": "yes",
        "tunnel": "no",
        "layer": "1",
        "lanes": "3",
        "maxspeed": "100",
        "oneway": "yes"
      },
      "geometry": {
        "type": "LineString",
        "coordinates": [
          [
            73.4290111,
            18.7553428,
            0.0
          ],
          [
            73.4290083,
            18.7557237,
            0.0
          ]
        ]
      }
    },
    {
      "type": "Feature",
      "id": 312446343,
      "properties": {
        "name": "Mumbai - Pune Expressway",
        "ref": "MPE",
        "highway": "motorway",
        "bridge": "yes",
        "tunnel": "no",
        "layer": "1",
        "lanes": "3",
        "maxspeed": "100",
        "oneway": "yes"
      },
      "geometry": {
        "type": "LineString",
        "coordinates": [
          [
            73.4291631,
            18.7556471,
            0.0
          ],
          [
            73.4291819,
            18.7553445,
            0.0
          ]
        ]
      }
    },
    {
      "type": "Feature",
      "id": 312446344,
      "properties": {
        "name": "Mumbai - Pune Expressway",
        "ref": "MPE",
        "highway": "motorway",
        "bridge": "no",
        "tunnel": "no",
        "layer": "0",
        "lanes": "3",
        "maxspeed": "100",
        "oneway": "yes"
      },
      "geometry": {
        "type": "LineString",
        "coordinates": [
          [
            73.4290083,
            18.7557237,
            0.0
          ],
          [
            73.4290055,
            18.7564742,
            0.0
          ],
          [
            73.4290426,
            18.7575107,
            0.0
          ]
        ]
      }
    },
    {
      "type": "Feature",
      "id": 337728037,
      "properties": {
        "name": "motorway_link",
        "ref": "",
        "highway": "motorway_link",
        "bridge": "no",
        "tunnel": "no",
        "layer": "0",
        "lanes": "2",
        "maxspeed": "60",
        "oneway": "yes"
      },
      "geometry": {
        "type": "LineString",
        "coordinates": [
          [
            73.2860473,
            18.7996882,
            0.0
          ],
          [
            73.2857476,
            18.7998202,
            0.0
          ],
          [
            73.2853432,
            18.8003997,
            0.0
          ],
          [
            73.2850323,
            18.8008662,
            0.0
          ],
          [
            73.2848639,
            18.8011384,
            0.0
          ],
          [
            73.2848345,
            18.8012602,
            0.0
          ],
          [
            73.284772,
            18.8014458,
            0.0
          ],
          [
            73.2846867,
            18.8016224,
            0.0
          ],
          [
            73.2845703,
            18.8017807,
            0.0
          ],
          [
            73.2844434,
            18.8018995,
            0.0
          ],
          [
            73.2843473,
            18.801953,
            0.0
          ],
          [
            73.284228,
            18.8020013,
            0.0
          ],
          [
            73.2840518,
            18.8020563,
            0.0
          ],
          [
            73.2838362,
            18.8020667,
            0.0
          ],
          [
            73.2836618,
            18.8020398,
            0.0
          ],
          [
            73.283421,
            18.8019637,
            0.0
          ],
          [
            73.283101,
            18.8018559,
            0.0
          ],
          [
            73.2826658,
            18.8017279,
            0.0
          ]
        ]
      }
    },
    {
      "type": "Feature",
      "id": 377549898,
      "properties": {
        "name": "motorway_link",
        "ref": "",
        "highway": "motorway_link",
        "bridge": "no",
        "tunnel": "no",
        "layer": "0",
        "lanes": "2",
        "maxspeed": "60",
        "oneway": "yes"
      },
      "geometry": {
        "type": "LineString",
        "coordinates": [
          [
            73.4299695,
            18.7602923,
            0.0
          ],
          [
            73.4301559,
            18.7600779,
            0.0
          ],
          [
            73.4302079,
            18.7599781,
            0.0
          ],
          [
            73.4302353,
            18.7598784,
            0.0
          ],
          [
            73.430223,
            18.7597942,
            0.0
          ],
          [
            73.430125,
            18.7596765,
            0.0
          ],
          [
            73.4300292,
            18.7596169,
            0.0
          ],
          [
            73.4299307,
            18.7595923,
            0.0
          ],
          [
            73.4298185,
            18.7595962,
            0.0
          ],
          [
            73.4285145,
            18.7598622,
            0.0
          ],
          [
            73.4266521,
            18.7601719,
            0.0
          ]
        ]
      }
    },
    {
      "type": "Feature",
      "id": 377549899,
      "properties": {
        "name": "motorway_link",
        "ref": "",
        "highway": "motorway_link",
        "bridge": "no",
        "tunnel": "no",
        "layer": "0",
        "lanes": "2",
        "maxspeed": "60",
        "oneway": "yes"
      },
      "geometry": {
        "type": "LineString",
        "coordinates": [
          [
            73.4284058,
            18.7592633,
            0.0
          ],
          [
            73.4283829,
            18.7594039,
            0.0
          ],
          [
            73.4283857,
            18.7595102,
            0.0
          ],
          [
            73.4283994,
            18.7595516,
            0.0
          ],
          [
            73.4284212,
            18.7595827,
            0.0
          ],
          [
            73.4284609,
            18.7596034,
            0.0
          ],
          [
            73.4285074,
            18.7596009,
            0.0
          ],
          [
            73.4285444,
            18.7595886,
            0.0
          ],
          [
            73.4285786,
            18.7595633,
            0.0
          ],
          [
            73.4286682,
            18.7594409,
            0.0
          ],
          [
            73.428763,
            18.7592723,
            0.0
          ],
          [
            73.4288307,
            18.7591349,
            0.0
          ],
          [
            73.4288619,
            18.7589645,
            0.0
          ]
        ]
      }
    },
    {
      "type": "Feature",
      "id": 377549900,
      "properties": {
        "name": "motorway_link",
        "ref": "",
        "highway": "motorway_link",
        "bridge": "no",
        "tunnel": "no",
        "layer": "0",
        "lanes": "2",
        "maxspeed": "60",
        "oneway": "yes"
      },
      "geometry": {
        "type": "LineString",
        "coordinates": [
          [
            73.4286922,
            18.758583,
            0.0
          ],
          [
            73.4285226,
            18.7589858,
            0.0
          ],
          [
            73.4284058,
            18.7592633,
            0.0
          ]
        ]
      }
    },
    {
      "type": "Feature",
      "id": 406839730,
      "properties": {
        "name": "Mumbai - Pune Expressway",
        "ref": "MPE",
        "highway": "motorway",
        "bridge": "yes",
        "tunnel": "no",
        "layer": "1",
        "lanes": "3",
        "maxspeed": "100",
        "oneway": "yes"
      },
      "geometry": {
        "type": "LineString",
        "coordinates": [
          [
            73.4307559,
            18.75078,
            0.0
          ],
          [
            73.4309139,
            18.750406,
            0.0
          ]
        ]
      }
    },
    {
      "type": "Feature",
      "id": 406839737,
      "properties": {
        "name": "Mumbai - Pune Expressway",
        "ref": "MPE",
        "highway": "motorway",
        "bridge": "yes",
        "tunnel": "no",
        "layer": "1",
        "lanes": "3",
        "maxspeed": "100",
        "oneway": "yes"
      },
      "geometry": {
        "type": "LineString",
        "coordinates": [
          [
            73.4307509,
            18.7503565,
            0.0
          ],
          [
            73.4305948,
            18.750726,
            0.0
          ]
        ]
      }
    },
    {
      "type": "Feature",
      "id": 406839739,
      "properties": {
        "name": "Mumbai - Pune Expressway",
        "ref": "MPE",
        "highway": "motorway",
        "bridge": "no",
        "tunnel": "no",
        "layer": "0",
        "lanes": "3",
        "maxspeed": "100",
        "oneway": "yes"
      },
      "geometry": {
        "type": "LineString",
        "coordinates": [
          [
            73.4305948,
            18.750726,
            0.0
          ],
          [
            73.4292884,
            18.7538185,
            0.0
          ],
          [
            73.4291642,
            18.7541556,
            0.0
          ],
          [
            73.4290741,
            18.7545072,
            0.0
          ],
          [
            73.4290208,
            18.7549139,
            0.0
          ],
          [
            73.4290111,
            18.7553428,
            0.0
          ]
        ]
      }
    },
    {
      "type": "Feature",
      "id": 406839740,
      "properties": {
        "name": "Mumbai - Pune Expressway",
        "ref": "MPE",
        "highway": "motorway",
        "bridge": "no",
        "tunnel": "no",
        "layer": "0",
        "lanes": "3",
        "maxspeed": "100",
        "oneway": "yes"
      },
      "geometry": {
        "type": "LineString",
        "coordinates": [
          [
            73.4291819,
            18.7553445,
            0.0
          ],
          [
            73.4291914,
            18.7549256,
            0.0
          ],
          [
            73.4292424,
            18.7545364,
            0.0
          ],
          [
            73.4293282,
            18.7542014,
            0.0
          ],
          [
            73.4294484,
            18.7538752,
            0.0
          ],
          [
            73.4307559,
            18.75078,
            0.0
          ]
        ]
      }
    },
    {
      "type": "Feature",
      "id": 440458199,
      "properties": {
        "name": "motorway_link",
        "ref": "",
        "highway": "motorway_link",
        "bridge": "no",
        "tunnel": "no",
        "layer": "0",
        "lanes": "2",
        "maxspeed": "60",
        "oneway": "yes"
      },
      "geometry": {
        "type": "LineString",
        "coordinates": [
          [
            73.4319832,
            18.7352816,
            0.0
          ],
          [
            73.4320575,
            18.7353957,
            0.0
          ],
          [
            73.4321712,
            18.7354564,
            0.0
          ],
          [
            73.4322489,
            18.7354782,
            0.0
          ]
        ]
      }
    },
    {
      "type": "Feature",
      "id": 484272332,
      "properties": {
        "name": "primary",
        "ref": "",
        "highway": "primary",
        "bridge": "no",
        "tunnel": "no",
        "layer": "0",
        "lanes": "2",
        "maxspeed": "60",
        "oneway": "no"
      },
      "geometry": {
        "type": "LineString",
        "coordinates": [
          [
            73.3079374,
            18.8162622,
            0.0
          ],
          [
            73.3079749,
            18.8163332,
            0.0
          ],
          [
            73.3080393,
            18.8165465,
            0.0
          ],
          [
            73.3081681,
            18.8172168,
            0.0
          ],
          [
            73.3081573,
            18.8176788,
            0.0
          ],
          [
            73.3081332,
            18.8182501,
            0.0
          ],
          [
            73.3081185,
            18.818354,
            0.0
          ],
          [
            73.3080929,
            18.8185344,
            0.0
          ],
          [
            73.3079374,
            18.8189584,
            0.0
          ],
          [
            73.3076987,
            18.8194484,
            0.0
          ],
          [
            73.307637,
            18.819748,
            0.0
          ],
          [
            73.3076039,
            18.8200128,
            0.0
          ],
          [
            73.3077872,
            18.820893,
            0.0
          ],
          [
            73.3078837,
            18.8217077,
            0.0
          ],
          [
            73.3079101,
            18.8220507,
            0.0
          ],
          [
            73.3079696,
            18.8228225,
            0.0
          ],
          [
            73.3079116,
            18.82365,
            0.0
          ],
          [
            73.3078825,
            18.8240656,
            0.0
          ],
          [
            73.3078301,
            18.8248128,
            0.0
          ],
          [
            73.3079032,
            18.8256812,
            0.0
          ],
          [
            73.3080731,
            18.8262068,
            0.0
          ],
          [
            73.3086477,
            18.826987,
            0.0
          ],
          [
            73.3089327,
            18.8273132,
            0.0
          ],
          [
            73.3093483,
            18.8276661,
            0.0
          ],
          [
            73.3094265,
            18.8277325,
            0.0
          ],
          [
            73.310122,
            18.8284871,
            0.0
          ],
          [
            73.3104391,
            18.8286637,
            0.0
          ],
          [
            73.3125842,
            18.8297936,
            0.0
          ],
          [
            73.313237,
            18.8299525,
            0.0
          ],
          [
            73.3145241,
            18.8301113,
            0.0
          ],
          [
            73.3152142,
            18.8304115,
            0.0
          ],
          [
            73.3159603,
            18.8308352,
            0.0
          ],
          [
            73.3165956,
            18.8311129,
            0.0
          ],
          [
            73.3173781,
            18.831682,
            0.0
          ],
          [
            73.3179473,
            18.8321455,
            0.0
          ],
          [
            73.3181896,
            18.8323925,
            0.0
          ],
          [
            73.3182438,
            18.8325672,
            0.0
          ],
          [
            73.3182998,
            18.8327609,
            0.0
          ],
          [
            73.3183744,
            18.8332857,
            0.0
          ],
          [
            73.3183159,
            18.833557,
            0.0
          ],
          [
            73.318092,
            18.8342366,
            0.0
          ],
          [
            73.3178892,
            18.834766,
            0.0
          ],
          [
            73.3177192,
            18.8351684,
            0.0
          ],
          [
            73.3173594,
            18.8358432,
            0.0
          ],
          [
            73.3171501,
            18.836193,
            0.0
          ],
          [
            73.3168263,
            18.8367471,
            0.0
          ],
          [
            73.3167347,
            18.8369484,
            0.0
          ],
          [
            73.3166922,
            18.8371558,
            0.0
          ],
          [
            73.3166922,
            18.8374374,
            0.0
          ],
          [
            73.3167249,
            18.8378708,
            0.0
          ],
          [
            73.3167936,
            18.8381463,
            0.0
          ],
          [
            73.3169996,
            18.8384806,
            0.0
          ],
          [
            73.3171304,
            18.8386413,
            0.0
          ]
        ]
      }
    },
    {
      "type": "Feature",
      "id": 485001490,
      "properties": {
        "name": "Mumbai Pune Highway",
        "ref": "NH48",
        "highway": "trunk",
        "bridge": "yes",
        "tunnel": "no",
        "layer": "1",
        "lanes": "2",
        "maxspeed": "60",
        "oneway": "no"
      },
      "geometry": {
        "type": "LineString",
        "coordinates": [
          [
            73.3597827,
            18.7661569,
            0.0
          ],
          [
            73.3595843,
            18.7659913,
            0.0
          ],
          [
            73.3593371,
            18.7658319,
            0.0
          ]
        ]
      }
    },
    {
      "type": "Feature",
      "id": 550250489,
      "properties": {
        "name": "Mumbai - Pune Expressway",
        "ref": "MPE;NH48",
        "highway": "motorway",
        "bridge": "no",
        "tunnel": "no",
        "layer": "0",
        "lanes": "3",
        "maxspeed": "60",
        "oneway": "yes"
      },
      "geometry": {
        "type": "LineString",
        "coordinates": [
          [
            73.3679205,
            18.7692166,
            0.0
          ],
          [
            73.3680821,
            18.7688181,
            0.0
          ],
          [
            73.3681917,
            18.7685705,
            0.0
          ],
          [
            73.3691711,
            18.7667412,
            0.0
          ],
          [
            73.3696572,
            18.7658757,
            0.0
          ],
          [
            73.3700841,
            18.7649983,
            0.0
          ],
          [
            73.3703578,
            18.7645491,
            0.0
          ],
          [
            73.3704391,
            18.7643621,
            0.0
          ],
          [
            73.3705555,
            18.7639439,
            0.0
          ],
          [
            73.3707706,
            18.7634545,
            0.0
          ],
          [
            73.3709497,
            18.7630548,
            0.0
          ],
          [
            73.3710789,
            18.7626704,
            0.0
          ],
          [
            73.3715198,
            18.7614302,
            0.0
          ],
          [
            73.3716361,
            18.7609036,
            0.0
          ],
          [
            73.371925,
            18.759429,
            0.0
          ],
          [
            73.3720414,
            18.7588351,
            0.0
          ],
          [
            73.3720556,
            18.7587369,
            0.0
          ],
          [
            73.3720717,
            18.758615,
            0.0
          ],
          [
            73.3720986,
            18.7585369,
            0.0
          ],
          [
            73.372136,
            18.758458,
            0.0
          ],
          [
            73.3721897,
            18.7583908,
            0.0
          ],
          [
            73.372259,
            18.7583344,
            0.0
          ]
        ]
      }
    },
    {
      "type": "Feature",
      "id": 562867929,
      "properties": {
        "name": "NH166D;548A",
        "ref": "NH166D;548A",
        "highway": "trunk",
        "bridge": "no",
        "tunnel": "no",
        "layer": "0",
        "lanes": "2",
        "maxspeed": "60",
        "oneway": "no"
      },
      "geometry": {
        "type": "LineString",
        "coordinates": [
          [
            73.2805241,
            18.7927015,
            0.0
          ],
          [
            73.2806992,
            18.7928339,
            0.0
          ],
          [
            73.2812206,
            18.7930163,
            0.0
          ],
          [
            73.2817329,
            18.7932441,
            0.0
          ],
          [
            73.2820157,
            18.79341,
            0.0
          ],
          [
            73.2822791,
            18.7936238,
            0.0
          ],
          [
            73.2824398,
            18.7937606,
            0.0
          ],
          [
            73.2826055,
            18.7937938,
            0.0
          ],
          [
            73.2827524,
            18.7937641,
            0.0
          ],
          [
            73.2829472,
            18.7936579,
            0.0
          ],
          [
            73.2836419,
            18.7930822,
            0.0
          ],
          [
            73.2841824,
            18.7926343,
            0.0
          ],
          [
            73.2844215,
            18.7924851,
            0.0
          ],
          [
            73.2846903,
            18.79246,
            0.0
          ],
          [
            73.2858918,
            18.79275,
            0.0
          ],
          [
            73.2861403,
            18.7928687,
            0.0
          ],
          [
            73.2865552,
            18.793361,
            0.0
          ],
          [
            73.2867018,
            18.7934931,
            0.0
          ],
          [
            73.2869054,
            18.7936096,
            0.0
          ]
        ]
      }
    },
    {
      "type": "Feature",
      "id": 625559176,
      "properties": {
        "name": "motorway_link",
        "ref": "",
        "highway": "motorway_link",
        "bridge": "no",
        "tunnel": "no",
        "layer": "0",
        "lanes": "2",
        "maxspeed": "60",
        "oneway": "yes"
      },
      "geometry": {
        "type": "LineString",
        "coordinates": [
          [
            73.4325872,
            18.73472,
            0.0
          ],
          [
            73.4325397,
            18.734864,
            0.0
          ],
          [
            73.4324769,
            18.7349403,
            0.0
          ],
          [
            73.4323734,
            18.7350317,
            0.0
          ]
        ]
      }
    },
    {
      "type": "Feature",
      "id": 625559179,
      "properties": {
        "name": "motorway_link",
        "ref": "",
        "highway": "motorway_link",
        "bridge": "no",
        "tunnel": "no",
        "layer": "0",
        "lanes": "2",
        "maxspeed": "60",
        "oneway": "yes"
      },
      "geometry": {
        "type": "LineString",
        "coordinates": [
          [
            73.4331509,
            18.7350157,
            0.0
          ],
          [
            73.4327966,
            18.7348592,
            0.0
          ],
          [
            73.4326306,
            18.7347449,
            0.0
          ],
          [
            73.4325872,
            18.73472,
            0.0
          ]
        ]
      }
    },
    {
      "type": "Feature",
      "id": 649454110,
      "properties": {
        "name": "trunk",
        "ref": "",
        "highway": "trunk",
        "bridge": "no",
        "tunnel": "no",
        "layer": "0",
        "lanes": "2",
        "maxspeed": "60",
        "oneway": "no"
      },
      "geometry": {
        "type": "LineString",
        "coordinates": [
          [
            73.3756046,
            18.7582843,
            0.0
          ],
          [
            73.3757547,
            18.7584655,
            0.0
          ]
        ]
      }
    },
    {
      "type": "Feature",
      "id": 747737033,
      "properties": {
        "name": "Old NH4",
        "ref": "NH48",
        "highway": "trunk",
        "bridge": "no",
        "tunnel": "no",
        "layer": "0",
        "lanes": "2",
        "maxspeed": "60",
        "oneway": "no"
      },
      "geometry": {
        "type": "LineString",
        "coordinates": [
          [
            73.3518459,
            18.7643721,
            0.0
          ],
          [
            73.3518604,
            18.7644677,
            0.0
          ]
        ]
      }
    },
    {
      "type": "Feature",
      "id": 794385591,
      "properties": {
        "name": "NH48",
        "ref": "NH48",
        "highway": "trunk",
        "bridge": "no",
        "tunnel": "no",
        "layer": "0",
        "lanes": "2",
        "maxspeed": "60",
        "oneway": "yes"
      },
      "geometry": {
        "type": "LineString",
        "coordinates": [
          [
            73.3028884,
            18.8184986,
            0.0
          ],
          [
            73.3039515,
            18.818017,
            0.0
          ],
          [
            73.304206,
            18.8179163,
            0.0
          ],
          [
            73.3057161,
            18.8173466,
            0.0
          ],
          [
            73.3057664,
            18.8173267,
            0.0
          ],
          [
            73.306118,
            18.8171804,
            0.0
          ],
          [
            73.3063721,
            18.8170746,
            0.0
          ],
          [
            73.306649,
            18.8169594,
            0.0
          ],
          [
            73.3068984,
            18.8168556,
            0.0
          ],
          [
            73.3070665,
            18.816774,
            0.0
          ],
          [
            73.3079749,
            18.8163332,
            0.0
          ],
          [
            73.3083307,
            18.8161244,
            0.0
          ],
          [
            73.3084135,
            18.8160771,
            0.0
          ],
          [
            73.3093125,
            18.8155634,
            0.0
          ],
          [
            73.3099484,
            18.8151946,
            0.0
          ],
          [
            73.3102562,
            18.8149115,
            0.0
          ],
          [
            73.3104677,
            18.8146743,
            0.0
          ],
          [
            73.3115724,
            18.813435,
            0.0
          ],
          [
            73.3121234,
            18.8127052,
            0.0
          ],
          [
            73.3124131,
            18.812332,
            0.0
          ]
        ]
      }
    },
    {
      "type": "Feature",
      "id": 794385592,
      "properties": {
        "name": "NH48",
        "ref": "NH48",
        "highway": "trunk",
        "bridge": "no",
        "tunnel": "no",
        "layer": "0",
        "lanes": "2",
        "maxspeed": "60",
        "oneway": "yes"
      },
      "geometry": {
        "type": "LineString",
        "coordinates": [
          [
            73.3123307,
            18.8122773,
            0.0
          ],
          [
            73.3120045,
            18.8126903,
            0.0
          ],
          [
            73.3114729,
            18.8133706,
            0.0
          ],
          [
            73.3104119,
            18.8145924,
            0.0
          ],
          [
            73.3101998,
            18.8148366,
            0.0
          ],
          [
            73.3098927,
            18.8151158,
            0.0
          ],
          [
            73.3093362,
            18.8154637,
            0.0
          ],
          [
            73.3092382,
            18.8155193,
            0.0
          ],
          [
            73.3083719,
            18.8160108,
            0.0
          ],
          [
            73.3082872,
            18.8160589,
            0.0
          ],
          [
            73.3079374,
            18.8162622,
            0.0
          ],
          [
            73.3072614,
            18.8165974,
            0.0
          ],
          [
            73.3070336,
            18.8167103,
            0.0
          ],
          [
            73.3068585,
            18.8167972,
            0.0
          ],
          [
            73.3066168,
            18.8169002,
            0.0
          ],
          [
            73.3063507,
            18.8170137,
            0.0
          ],
          [
            73.3060861,
            18.8171265,
            0.0
          ],
          [
            73.3057417,
            18.8172733,
            0.0
          ],
          [
            73.3056886,
            18.8172948,
            0.0
          ],
          [
            73.3041473,
            18.8178593,
            0.0
          ],
          [
            73.303914,
            18.8179427,
            0.0
          ],
          [
            73.3028525,
            18.8184034,
            0.0
          ]
        ]
      }
    },
    {
      "type": "Feature",
      "id": 794385595,
      "properties": {
        "name": "trunk_link",
        "ref": "",
        "highway": "trunk_link",
        "bridge": "no",
        "tunnel": "no",
        "layer": "0",
        "lanes": "2",
        "maxspeed": "60",
        "oneway": "no"
      },
      "geometry": {
        "type": "LineString",
        "coordinates": [
          [
            73.3024483,
            18.8186298,
            0.0
          ],
          [
            73.3021626,
            18.8187121,
            0.0
          ],
          [
            73.3018179,
            18.8189279,
            0.0
          ],
          [
            73.3011219,
            18.8195043,
            0.0
          ],
          [
            73.3002663,
            18.8202354,
            0.0
          ],
          [
            73.2995582,
            18.8208397,
            0.0
          ]
        ]
      }
    },
    {
      "type": "Feature",
      "id": 814094405,
      "properties": {
        "name": "Old NH4",
        "ref": "NH48",
        "highway": "trunk",
        "bridge": "no",
        "tunnel": "no",
        "layer": "0",
        "lanes": "2",
        "maxspeed": "60",
        "oneway": "yes"
      },
      "geometry": {
        "type": "LineString",
        "coordinates": [
          [
            73.3518604,
            18.7644677,
            0.0
          ],
          [
            73.351828,
            18.7645318,
            0.0
          ],
          [
            73.3517808,
            18.7646563,
            0.0
          ],
          [
            73.3517117,
            18.7649246,
            0.0
          ],
          [
            73.3516543,
            18.7651098,
            0.0
          ],
          [
            73.3515935,
            18.7652076,
            0.0
          ],
          [
            73.3514874,
            18.7652999,
            0.0
          ],
          [
            73.3513895,
            18.7653414,
            0.0
          ],
          [
            73.3512853,
            18.7654119,
            0.0
          ],
          [
            73.3512807,
            18.76545,
            0.0
          ]
        ]
      }
    },
    {
      "type": "Feature",
      "id": 842669291,
      "properties": {
        "name": "Mumbai Pune Highway",
        "ref": "NH48",
        "highway": "trunk",
        "bridge": "no",
        "tunnel": "no",
        "layer": "0",
        "lanes": "2",
        "maxspeed": "60",
        "oneway": "yes"
      },
      "geometry": {
        "type": "LineString",
        "coordinates": [
          [
            73.3539268,
            18.7621459,
            0.0
          ],
          [
            73.3539072,
            18.7622996,
            0.0
          ],
          [
            73.3539293,
            18.7624711,
            0.0
          ],
          [
            73.3539479,
            18.7625926,
            0.0
          ],
          [
            73.3538575,
            18.7627731,
            0.0
          ]
        ]
      }
    },
    {
      "type": "Feature",
      "id": 847213085,
      "properties": {
        "name": "Mumbai - Pune Expressway Missing Link",
        "ref": "MPE",
        "highway": "motorway",
        "bridge": "no",
        "tunnel": "no",
        "layer": "0",
        "lanes": "3",
        "maxspeed": "80",
        "oneway": "yes"
      },
      "geometry": {
        "type": "LineString",
        "coordinates": [
          [
            73.4441273,
            18.733267,
            0.0
          ],
          [
            73.4439756,
            18.7332722,
            0.0
          ],
          [
            73.4434722,
            18.7333321,
            0.0
          ],
          [
            73.4429162,
            18.7334437,
            0.0
          ],
          [
            73.4423077,
            18.733598,
            0.0
          ],
          [
            73.4416882,
            18.7338127,
            0.0
          ],
          [
            73.4397855,
            18.7344658,
            0.0
          ],
          [
            73.4390846,
            18.7346564,
            0.0
          ],
          [
            73.4386949,
            18.7347487,
            0.0
          ],
          [
            73.4378612,
            18.7348871,
            0.0
          ],
          [
            73.4370818,
            18.7349333,
            0.0
          ],
          [
            73.4360005,
            18.7349232,
            0.0
          ]
        ]
      }
    },
    {
      "type": "Feature",
      "id": 847213086,
      "properties": {
        "name": "Mumbai - Pune Expressway Missing Link",
        "ref": "MPE",
        "highway": "motorway",
        "bridge": "no",
        "tunnel": "no",
        "layer": "0",
        "lanes": "4",
        "maxspeed": "80",
        "oneway": "yes"
      },
      "geometry": {
        "type": "LineString",
        "coordinates": [
          [
            73.3510504,
            18.7549205,
            0.0
          ],
          [
            73.3507684,
            18.7551865,
            0.0
          ]
        ]
      }
    },
    {
      "type": "Feature",
      "id": 847213087,
      "properties": {
        "name": "Mumbai - Pune Expressway Missing Link",
        "ref": "MPE",
        "highway": "motorway",
        "bridge": "no",
        "tunnel": "yes",
        "layer": "-1",
        "lanes": "4",
        "maxspeed": "80",
        "oneway": "yes"
      },
      "geometry": {
        "type": "LineString",
        "coordinates": [
          [
            73.3507684,
            18.7551865,
            0.0
          ],
          [
            73.3491765,
            18.75662,
            0.0
          ],
          [
            73.3398352,
            18.7652313,
            0.0
          ]
        ]
      }
    },
    {
      "type": "Feature",
      "id": 847213088,
      "properties": {
        "name": "Mumbai - Pune Expressway Missing Link",
        "ref": "MPE",
        "highway": "motorway",
        "bridge": "no",
        "tunnel": "no",
        "layer": "0",
        "lanes": "4",
        "maxspeed": "80",
        "oneway": "yes"
      },
      "geometry": {
        "type": "LineString",
        "coordinates": [
          [
            73.3398352,
            18.7652313,
            0.0
          ],
          [
            73.3384973,
            18.7665617,
            0.0
          ],
          [
            73.3350763,
            18.7700728,
            0.0
          ],
          [
            73.334348,
            18.7707121,
            0.0
          ],
          [
            73.3335916,
            18.7712498,
            0.0
          ],
          [
            73.3329603,
            18.7715585,
            0.0
          ],
          [
            73.3317925,
            18.7720473,
            0.0
          ]
        ]
      }
    },
    {
      "type": "Feature",
      "id": 847213090,
      "properties": {
        "name": "Mumbai - Pune Expressway Missing Link",
        "ref": "MPE",
        "highway": "motorway",
        "bridge": "yes",
        "tunnel": "no",
        "layer": "1",
        "lanes": "4",
        "maxspeed": "80",
        "oneway": "yes"
      },
      "geometry": {
        "type": "LineString",
        "coordinates": [
          [
            73.3565614,
            18.7497112,
            0.0
          ],
          [
            73.3534322,
            18.7526857,
            0.0
          ],
          [
            73.3510504,
            18.7549205,
            0.0
          ]
        ]
      }
    },
    {
      "type": "Feature",
      "id": 847213091,
      "properties": {
        "name": "Mumbai - Pune Expressway Missing Link",
        "ref": "MPE",
        "highway": "motorway",
        "bridge": "no",
        "tunnel": "no",
        "layer": "0",
        "lanes": "4",
        "maxspeed": "80",
        "oneway": "yes"
      },
      "geometry": {
        "type": "LineString",
        "coordinates": [
          [
            73.3318245,
            18.7722394,
            0.0
          ],
          [
            73.3328035,
            18.77186,
            0.0
          ],
          [
            73.3331575,
            18.7716955,
            0.0
          ],
          [
            73.3338373,
            18.7712899,
            0.0
          ],
          [
            73.3340194,
            18.7711626,
            0.0
          ],
          [
            73.3352518,
            18.7702771,
            0.0
          ],
          [
            73.3391232,
            18.7666816,
            0.0
          ],
          [
            73.340297,
            18.7655227,
            0.0
          ]
        ]
      }
    },
    {
      "type": "Feature",
      "id": 847213094,
      "properties": {
        "name": "Mumbai - Pune Expressway Missing Link",
        "ref": "MPE",
        "highway": "motorway",
        "bridge": "no",
        "tunnel": "yes",
        "layer": "-1",
        "lanes": "4",
        "maxspeed": "80",
        "oneway": "yes"
      },
      "geometry": {
        "type": "LineString",
        "coordinates": [
          [
            73.340297,
            18.7655227,
            0.0
          ],
          [
            73.3496082,
            18.7568118,
            0.0
          ],
          [
            73.3513217,
            18.7553341,
            0.0
          ]
        ]
      }
    },
    {
      "type": "Feature",
      "id": 847213095,
      "properties": {
        "name": "Mumbai - Pune Expressway Missing Link",
        "ref": "MPE",
        "highway": "motorway",
        "bridge": "no",
        "tunnel": "no",
        "layer": "0",
        "lanes": "4",
        "maxspeed": "80",
        "oneway": "yes"
      },
      "geometry": {
        "type": "LineString",
        "coordinates": [
          [
            73.3513217,
            18.7553341,
            0.0
          ],
          [
            73.3515495,
            18.7551323,
            0.0
          ]
        ]
      }
    },
    {
      "type": "Feature",
      "id": 847213096,
      "properties": {
        "name": "Mumbai - Pune Expressway Missing Link",
        "ref": "MPE",
        "highway": "motorway",
        "bridge": "yes",
        "tunnel": "no",
        "layer": "1",
        "lanes": "4",
        "maxspeed": "80",
        "oneway": "yes"
      },
      "geometry": {
        "type": "LineString",
        "coordinates": [
          [
            73.3515495,
            18.7551323,
            0.0
          ],
          [
            73.3569404,
            18.7501884,
            0.0
          ]
        ]
      }
    },
    {
      "type": "Feature",
      "id": 847213097,
      "properties": {
        "name": "Mumbai - Pune Expressway Missing Link",
        "ref": "MPE",
        "highway": "motorway",
        "bridge": "no",
        "tunnel": "yes",
        "layer": "-1",
        "lanes": "4",
        "maxspeed": "80",
        "oneway": "yes"
      },
      "geometry": {
        "type": "LineString",
        "coordinates": [
          [
            73.3569404,
            18.7501884,
            0.0
          ],
          [
            73.3575156,
            18.7496608,
            0.0
          ],
          [
            73.362007,
            18.7453232,
            0.0
          ],
          [
            73.3623141,
            18.7450713,
            0.0
          ],
          [
            73.3640887,
            18.7436768,
            0.0
          ],
          [
            73.3658646,
            18.7423557,
            0.0
          ],
          [
            73.3668387,
            18.7417694,
            0.0
          ],
          [
            73.3795082,
            18.7367376,
            0.0
          ],
          [
            73.3813235,
            18.7360304,
            0.0
          ],
          [
            73.382714,
            18.7355915,
            0.0
          ],
          [
            73.3836796,
            18.7353598,
            0.0
          ],
          [
            73.3846452,
            18.7352013,
            0.0
          ],
          [
            73.4028499,
            18.7352379,
            0.0
          ],
          [
            73.4044206,
            18.7351282,
            0.0
          ],
          [
            73.4164969,
            18.7342625,
            0.0
          ],
          [
            73.4182479,
            18.7342259,
            0.0
          ],
          [
            73.4193241,
            18.7342494,
            0.0
          ],
          [
            73.4210417,
            18.7342869,
            0.0
          ],
          [
            73.4285669,
            18.7349127,
            0.0
          ],
          [
            73.4298444,
            18.7349743,
            0.0
          ],
          [
            73.4304182,
            18.7349896,
            0.0
          ],
          [
            73.4306705,
            18.7349983,
            0.0
          ],
          [
            73.4336823,
            18.7351024,
            0.0
          ],
          [
            73.4356506,
            18.7352323,
            0.0
          ],
          [
            73.4371514,
            18.7352229,
            0.0
          ]
        ]
      }
    },
    {
      "type": "Feature",
      "id": 847213099,
      "properties": {
        "name": "Mumbai - Pune Expressway Missing Link",
        "ref": "MPE",
        "highway": "motorway",
        "bridge": "no",
        "tunnel": "yes",
        "layer": "-1",
        "lanes": "4",
        "maxspeed": "80",
        "oneway": "yes"
      },
      "geometry": {
        "type": "LineString",
        "coordinates": [
          [
            73.4360005,
            18.7349232,
            0.0
          ],
          [
            73.4336234,
            18.7348642,
            0.0
          ],
          [
            73.4317721,
            18.7348334,
            0.0
          ],
          [
            73.430408,
            18.7349052,
            0.0
          ],
          [
            73.429839,
            18.7348877,
            0.0
          ],
          [
            73.4285783,
            18.7347924,
            0.0
          ],
          [
            73.4228066,
            18.734314,
            0.0
          ],
          [
            73.4210814,
            18.7341433,
            0.0
          ],
          [
            73.4193509,
            18.7340974,
            0.0
          ],
          [
            73.4183262,
            18.7340702,
            0.0
          ],
          [
            73.4164208,
            18.7340946,
            0.0
          ],
          [
            73.4073828,
            18.7348017,
            0.0
          ],
          [
            73.4043959,
            18.7349724,
            0.0
          ],
          [
            73.4028767,
            18.7350699,
            0.0
          ],
          [
            73.384672,
            18.7350212,
            0.0
          ],
          [
            73.3836381,
            18.7352077,
            0.0
          ],
          [
            73.3825863,
            18.7354357,
            0.0
          ],
          [
            73.3811186,
            18.7359234,
            0.0
          ],
          [
            73.3794318,
            18.7365837,
            0.0
          ],
          [
            73.3667435,
            18.7416483,
            0.0
          ],
          [
            73.3657475,
            18.7422839,
            0.0
          ],
          [
            73.3639287,
            18.7435757,
            0.0
          ],
          [
            73.3622614,
            18.744929,
            0.0
          ],
          [
            73.3568336,
            18.7494876,
            0.0
          ],
          [
            73.3565614,
            18.7497112,
            0.0
          ]
        ]
      }
    },
    {
      "type": "Feature",
      "id": 847213100,
      "properties": {
        "name": "Mumbai - Pune Expressway Missing Link",
        "ref": "MPE",
        "highway": "motorway",
        "bridge": "no",
        "tunnel": "no",
        "layer": "0",
        "lanes": "3",
        "maxspeed": "80",
        "oneway": "yes"
      },
      "geometry": {
        "type": "LineString",
        "coordinates": [
          [
            73.4371514,
            18.7352229,
            0.0
          ],
          [
            73.4375473,
            18.7351869,
            0.0
          ],
          [
            73.4382916,
            18.7350843,
            0.0
          ],
          [
            73.4390763,
            18.7349023,
            0.0
          ],
          [
            73.4398113,
            18.7346605,
            0.0
          ],
          [
            73.4426535,
            18.7336844,
            0.0
          ],
          [
            73.4432357,
            18.7335639,
            0.0
          ],
          [
            73.4437913,
            18.7335116,
            0.0
          ]
        ]
      }
    },
    {
      "type": "Feature",
      "id": 851569856,
      "properties": {
        "name": "NH48",
        "ref": "NH48",
        "highway": "trunk",
        "bridge": "no",
        "tunnel": "no",
        "layer": "0",
        "lanes": "2",
        "maxspeed": "60",
        "oneway": "yes"
      },
      "geometry": {
        "type": "LineString",
        "coordinates": [
          [
            73.3222508,
            18.8004212,
            0.0
          ],
          [
            73.3221847,
            18.8007895,
            0.0
          ]
        ]
      }
    },
    {
      "type": "Feature",
      "id": 972291158,
      "properties": {
        "name": "primary",
        "ref": "",
        "highway": "primary",
        "bridge": "no",
        "tunnel": "no",
        "layer": "0",
        "lanes": "2",
        "maxspeed": "60",
        "oneway": "no"
      },
      "geometry": {
        "type": "LineString",
        "coordinates": [
          [
            73.2658475,
            18.8228557,
            0.0
          ],
          [
            73.2660975,
            18.8228607,
            0.0
          ],
          [
            73.2662691,
            18.8228454,
            0.0
          ],
          [
            73.2673393,
            18.8226271,
            0.0
          ],
          [
            73.2684224,
            18.8223544,
            0.0
          ],
          [
            73.2689159,
            18.8222233,
            0.0
          ],
          [
            73.2700993,
            18.821835,
            0.0
          ],
          [
            73.2704241,
            18.8217218,
            0.0
          ],
          [
            73.2714834,
            18.8213526,
            0.0
          ],
          [
            73.2724945,
            18.820987,
            0.0
          ],
          [
            73.2728293,
            18.8208063,
            0.0
          ],
          [
            73.2728615,
            18.8207889,
            0.0
          ],
          [
            73.2732536,
            18.8205504,
            0.0
          ],
          [
            73.2733421,
            18.8204615,
            0.0
          ],
          [
            73.2734896,
            18.8202736,
            0.0
          ],
          [
            73.2735679,
            18.8201468,
            0.0
          ],
          [
            73.2740068,
            18.8194357,
            0.0
          ],
          [
            73.2742079,
            18.8190726,
            0.0
          ],
          [
            73.2745781,
            18.8183795,
            0.0
          ],
          [
            73.2750775,
            18.8175876,
            0.0
          ],
          [
            73.275246,
            18.8173488,
            0.0
          ],
          [
            73.2753726,
            18.8172143,
            0.0
          ],
          [
            73.275445,
            18.8171653,
            0.0
          ],
          [
            73.2755866,
            18.8170695,
            0.0
          ],
          [
            73.2769518,
            18.8162901,
            0.0
          ],
          [
            73.2781273,
            18.8155978,
            0.0
          ],
          [
            73.2782881,
            18.8155031,
            0.0
          ],
          [
            73.2797285,
            18.8146425,
            0.0
          ],
          [
            73.2803771,
            18.8142741,
            0.0
          ],
          [
            73.2810964,
            18.8138656,
            0.0
          ],
          [
            73.2822417,
            18.8132105,
            0.0
          ],
          [
            73.2829417,
            18.8127586,
            0.0
          ],
          [
            73.2838424,
            18.8120476,
            0.0
          ],
          [
            73.2851385,
            18.8109966,
            0.0
          ],
          [
            73.2853262,
            18.8107909,
            0.0
          ],
          [
            73.2855663,
            18.8104733,
            0.0
          ]
        ]
      }
    },
    {
      "type": "Feature",
      "id": 985757850,
      "properties": {
        "name": "NH48",
        "ref": "NH48",
        "highway": "trunk",
        "bridge": "no",
        "tunnel": "no",
        "layer": "0",
        "lanes": "1",
        "maxspeed": "60",
        "oneway": "yes"
      },
      "geometry": {
        "type": "LineString",
        "coordinates": [
          [
            73.4014027,
            18.754318,
            0.0
          ],
          [
            73.4013642,
            18.7543404,
            0.0
          ],
          [
            73.4011371,
            18.7544569,
            0.0
          ],
          [
            73.4007967,
            18.7546351,
            0.0
          ],
          [
            73.3996735,
            18.7552853,
            0.0
          ],
          [
            73.3994552,
            18.7554222,
            0.0
          ],
          [
            73.3988527,
            18.7557838,
            0.0
          ],
          [
            73.3981876,
            18.7561661,
            0.0
          ],
          [
            73.3977695,
            18.7564129,
            0.0
          ],
          [
            73.3977039,
            18.7564516,
            0.0
          ],
          [
            73.3972585,
            18.7567145,
            0.0
          ],
          [
            73.396733,
            18.7570158,
            0.0
          ],
          [
            73.3960346,
            18.7573583,
            0.0
          ],
          [
            73.3955935,
            18.7575493,
            0.0
          ],
          [
            73.3948783,
            18.7578456,
            0.0
          ],
          [
            73.3945306,
            18.7579886,
            0.0
          ],
          [
            73.3940774,
            18.7581654,
            0.0
          ],
          [
            73.3927859,
            18.7587071,
            0.0
          ],
          [
            73.3922994,
            18.7589248,
            0.0
          ],
          [
            73.3919545,
            18.7591245,
            0.0
          ],
          [
            73.3915594,
            18.7594832,
            0.0
          ],
          [
            73.3913172,
            18.7596533,
            0.0
          ],
          [
            73.3911856,
            18.7596968,
            0.0
          ],
          [
            73.3909283,
            18.7597122,
            0.0
          ],
          [
            73.3907028,
            18.7597019,
            0.0
          ],
          [
            73.3899142,
            18.7596461,
            0.0
          ],
          [
            73.3894046,
            18.7597121,
            0.0
          ],
          [
            73.3890237,
            18.7598035,
            0.0
          ],
          [
            73.3884068,
            18.759961,
            0.0
          ],
          [
            73.3879133,
            18.7601591,
            0.0
          ],
          [
            73.3875646,
            18.7602759,
            0.0
          ],
          [
            73.3872883,
            18.7602454,
            0.0
          ],
          [
            73.3868829,
            18.7600194,
            0.0
          ],
          [
            73.3866438,
            18.7599327,
            0.0
          ],
          [
            73.3864074,
            18.7598866,
            0.0
          ],
          [
            73.3859955,
            18.7598594,
            0.0
          ],
          [
            73.3856737,
            18.7598365,
            0.0
          ],
          [
            73.3854699,
            18.7599117,
            0.0
          ],
          [
            73.3853331,
            18.7600569,
            0.0
          ],
          [
            73.3851626,
            18.760203,
            0.0
          ],
          [
            73.384995,
            18.7602597,
            0.0
          ],
          [
            73.3848609,
            18.7602761,
            0.0
          ],
          [
            73.3846973,
            18.7602505,
            0.0
          ],
          [
            73.384537,
            18.7602245,
            0.0
          ],
          [
            73.3842911,
            18.7601126,
            0.0
          ],
          [
            73.3838269,
            18.7599013,
            0.0
          ],
          [
            73.3835179,
            18.7597892,
            0.0
          ]
        ]
      }
    },
    {
      "type": "Feature",
      "id": 985757851,
      "properties": {
        "name": "NH48",
        "ref": "NH48",
        "highway": "trunk",
        "bridge": "no",
        "tunnel": "no",
        "layer": "0",
        "lanes": "2",
        "maxspeed": "60",
        "oneway": "yes"
      },
      "geometry": {
        "type": "LineString",
        "coordinates": [
          [
            73.3835179,
            18.7597892,
            0.0
          ],
          [
            73.3832078,
            18.7596788,
            0.0
          ],
          [
            73.3830687,
            18.7596777,
            0.0
          ],
          [
            73.3829496,
            18.7596892,
            0.0
          ],
          [
            73.3828684,
            18.7597218,
            0.0
          ],
          [
            73.3821151,
            18.7601697,
            0.0
          ],
          [
            73.381968,
            18.760228,
            0.0
          ],
          [
            73.3818077,
            18.7602694,
            0.0
          ],
          [
            73.3815864,
            18.7602939,
            0.0
          ],
          [
            73.3814224,
            18.760281,
            0.0
          ],
          [
            73.3809986,
            18.7602048,
            0.0
          ],
          [
            73.3806409,
            18.760066,
            0.0
          ],
          [
            73.3803495,
            18.7598645,
            0.0
          ],
          [
            73.3802028,
            18.759744,
            0.0
          ],
          [
            73.3800124,
            18.7595981,
            0.0
          ],
          [
            73.3798208,
            18.7594958,
            0.0
          ],
          [
            73.3796845,
            18.7593777,
            0.0
          ],
          [
            73.3790004,
            18.758682,
            0.0
          ],
          [
            73.3784666,
            18.7580917,
            0.0
          ],
          [
            73.3780374,
            18.7577108,
            0.0
          ],
          [
            73.3777424,
            18.7575685,
            0.0
          ],
          [
            73.3774527,
            18.757533,
            0.0
          ],
          [
            73.3771952,
            18.7575381,
            0.0
          ],
          [
            73.3769905,
            18.7576082,
            0.0
          ],
          [
            73.376729,
            18.7577385,
            0.0
          ],
          [
            73.376624,
            18.7577908,
            0.0
          ],
          [
            73.3762618,
            18.7579901,
            0.0
          ],
          [
            73.3760097,
            18.7581375,
            0.0
          ],
          [
            73.3756046,
            18.7582843,
            0.0
          ]
        ]
      }
    },
    {
      "type": "Feature",
      "id": 985757853,
      "properties": {
        "name": "NH48",
        "ref": "NH48",
        "highway": "trunk",
        "bridge": "no",
        "tunnel": "no",
        "layer": "0",
        "lanes": "2",
        "maxspeed": "60",
        "oneway": "yes"
      },
      "geometry": {
        "type": "LineString",
        "coordinates": [
          [
            73.3733965,
            18.7584876,
            0.0
          ],
          [
            73.3734484,
            18.7586447,
            0.0
          ],
          [
            73.3735745,
            18.7587368,
            0.0
          ],
          [
            73.3738097,
            18.758821,
            0.0
          ],
          [
            73.3740731,
            18.7588587,
            0.0
          ],
          [
            73.3744701,
            18.7588689,
            0.0
          ],
          [
            73.3747829,
            18.7588601,
            0.0
          ],
          [
            73.3749886,
            18.7588133,
            0.0
          ],
          [
            73.3753082,
            18.7586828,
            0.0
          ],
          [
            73.3757547,
            18.7584655,
            0.0
          ],
          [
            73.3761077,
            18.7581932,
            0.0
          ],
          [
            73.3761169,
            18.7581882,
            0.0
          ],
          [
            73.3764334,
            18.7580003,
            0.0
          ],
          [
            73.3767017,
            18.7578428,
            0.0
          ],
          [
            73.3770215,
            18.7576973,
            0.0
          ],
          [
            73.3772274,
            18.7576397,
            0.0
          ],
          [
            73.3775117,
            18.7576397,
            0.0
          ],
          [
            73.377737,
            18.7576752,
            0.0
          ],
          [
            73.3779462,
            18.7578174,
            0.0
          ],
          [
            73.378134,
            18.7579851,
            0.0
          ],
          [
            73.3782631,
            18.758122,
            0.0
          ],
          [
            73.3785148,
            18.7583457,
            0.0
          ],
          [
            73.3789064,
            18.7587318,
            0.0
          ],
          [
            73.3792489,
            18.7591024,
            0.0
          ],
          [
            73.3795278,
            18.7593551,
            0.0
          ],
          [
            73.379695,
            18.759514,
            0.0
          ],
          [
            73.3798559,
            18.7596054,
            0.0
          ],
          [
            73.3799525,
            18.7596334,
            0.0
          ],
          [
            73.3800625,
            18.7596791,
            0.0
          ],
          [
            73.3801541,
            18.7597538,
            0.0
          ],
          [
            73.380418,
            18.7599797,
            0.0
          ],
          [
            73.3806423,
            18.7601132,
            0.0
          ],
          [
            73.38079,
            18.7601769,
            0.0
          ],
          [
            73.3809515,
            18.7602292,
            0.0
          ],
          [
            73.3812851,
            18.7603199,
            0.0
          ],
          [
            73.3815437,
            18.7603527,
            0.0
          ],
          [
            73.3817717,
            18.7603367,
            0.0
          ],
          [
            73.3819388,
            18.7603026,
            0.0
          ],
          [
            73.3821081,
            18.7602338,
            0.0
          ],
          [
            73.3822422,
            18.7601513,
            0.0
          ],
          [
            73.3824796,
            18.7600027,
            0.0
          ],
          [
            73.3826459,
            18.7599126,
            0.0
          ],
          [
            73.3827455,
            18.7598625,
            0.0
          ],
          [
            73.3828919,
            18.7597814,
            0.0
          ],
          [
            73.3829662,
            18.7597503,
            0.0
          ],
          [
            73.3830697,
            18.7597396,
            0.0
          ],
          [
            73.383185,
            18.7597473,
            0.0
          ],
          [
            73.3834687,
            18.7598413,
            0.0
          ]
        ]
      }
    },
    {
      "type": "Feature",
      "id": 1022376558,
      "properties": {
        "name": "NH48",
        "ref": "NH48",
        "highway": "trunk",
        "bridge": "no",
        "tunnel": "no",
        "layer": "0",
        "lanes": "2",
        "maxspeed": "60",
        "oneway": "yes"
      },
      "geometry": {
        "type": "LineString",
        "coordinates": [
          [
            73.3231551,
            18.8018709,
            0.0
          ],
          [
            73.3236369,
            18.8014558,
            0.0
          ],
          [
            73.3237839,
            18.8013307,
            0.0
          ],
          [
            73.323969,
            18.8011756,
            0.0
          ],
          [
            73.3242753,
            18.800919,
            0.0
          ]
        ]
      }
    },
    {
      "type": "Feature",
      "id": 1022376559,
      "properties": {
        "name": "NH548A",
        "ref": "NH548A",
        "highway": "trunk",
        "bridge": "no",
        "tunnel": "no",
        "layer": "0",
        "lanes": "2",
        "maxspeed": "60",
        "oneway": "no"
      },
      "geometry": {
        "type": "LineString",
        "coordinates": [
          [
            73.3222508,
            18.8004212,
            0.0
          ],
          [
            73.3223887,
            18.8004555,
            0.0
          ],
          [
            73.3230662,
            18.8006243,
            0.0
          ],
          [
            73.3233494,
            18.8007245,
            0.0
          ],
          [
            73.3239625,
            18.8008533,
            0.0
          ],
          [
            73.3242753,
            18.800919,
            0.0
          ]
        ]
      }
    },
    {
      "type": "Feature",
      "id": 1073793114,
      "properties": {
        "name": "motorway_link",
        "ref": "",
        "highway": "motorway_link",
        "bridge": "no",
        "tunnel": "no",
        "layer": "0",
        "lanes": "2",
        "maxspeed": "60",
        "oneway": "yes"
      },
      "geometry": {
        "type": "LineString",
        "coordinates": [
          [
            73.283683,
            18.8056717,
            0.0
          ],
          [
            73.2837865,
            18.8055852,
            0.0
          ],
          [
            73.2839281,
            18.8052939,
            0.0
          ],
          [
            73.283953,
            18.805164,
            0.0
          ]
        ]
      }
    },
    {
      "type": "Feature",
      "id": 1073793115,
      "properties": {
        "name": "motorway_link",
        "ref": "",
        "highway": "motorway_link",
        "bridge": "no",
        "tunnel": "no",
        "layer": "0",
        "lanes": "2",
        "maxspeed": "60",
        "oneway": "yes"
      },
      "geometry": {
        "type": "LineString",
        "coordinates": [
          [
            73.283953,
            18.805164,
            0.0
          ],
          [
            73.2838643,
            18.8052593,
            0.0
          ],
          [
            73.283765,
            18.8054451,
            0.0
          ],
          [
            73.2837114,
            18.8055465,
            0.0
          ],
          [
            73.283683,
            18.8056717,
            0.0
          ]
        ]
      }
    },
    {
      "type": "Feature",
      "id": 1073793116,
      "properties": {
        "name": "NH548A",
        "ref": "NH548A",
        "highway": "trunk",
        "bridge": "no",
        "tunnel": "no",
        "layer": "0",
        "lanes": "2",
        "maxspeed": "60",
        "oneway": "yes"
      },
      "geometry": {
        "type": "LineString",
        "coordinates": [
          [
            73.2855663,
            18.8104733,
            0.0
          ],
          [
            73.2858658,
            18.8106391,
            0.0
          ],
          [
            73.2860556,
            18.8107396,
            0.0
          ],
          [
            73.2862203,
            18.8108937,
            0.0
          ],
          [
            73.2863484,
            18.8110634,
            0.0
          ],
          [
            73.2864252,
            18.8112611,
            0.0
          ],
          [
            73.2864461,
            18.811441,
            0.0
          ],
          [
            73.2864158,
            18.8116735,
            0.0
          ],
          [
            73.2863584,
            18.8118471,
            0.0
          ],
          [
            73.2862918,
            18.8120258,
            0.0
          ],
          [
            73.286263,
            18.8121595,
            0.0
          ],
          [
            73.2862599,
            18.8123464,
            0.0
          ],
          [
            73.2862499,
            18.8129298,
            0.0
          ],
          [
            73.2862527,
            18.8135542,
            0.0
          ],
          [
            73.286225,
            18.8137574,
            0.0
          ],
          [
            73.2861897,
            18.8139702,
            0.0
          ],
          [
            73.2861552,
            18.8141241,
            0.0
          ],
          [
            73.2861054,
            18.814278,
            0.0
          ],
          [
            73.2860097,
            18.8144981,
            0.0
          ],
          [
            73.2859319,
            18.8147327,
            0.0
          ],
          [
            73.2858667,
            18.8150332,
            0.0
          ],
          [
            73.2858511,
            18.8152741,
            0.0
          ],
          [
            73.2858903,
            18.8156432,
            0.0
          ],
          [
            73.2859219,
            18.8159537,
            0.0
          ],
          [
            73.2859858,
            18.81613,
            0.0
          ],
          [
            73.286095,
            18.8162732,
            0.0
          ],
          [
            73.2862683,
            18.816365,
            0.0
          ],
          [
            73.286478,
            18.8163823,
            0.0
          ]
        ]
      }
    },
    {
      "type": "Feature",
      "id": 1073793120,
      "properties": {
        "name": "NH548A",
        "ref": "NH548A",
        "highway": "trunk",
        "bridge": "no",
        "tunnel": "no",
        "layer": "0",
        "lanes": "2",
        "maxspeed": "60",
        "oneway": "no"
      },
      "geometry": {
        "type": "LineString",
        "coordinates": [
          [
            73.283683,
            18.8056717,
            0.0
          ],
          [
            73.2836386,
            18.8057839,
            0.0
          ],
          [
            73.2835882,
            18.8059389,
            0.0
          ]
        ]
      }
    },
    {
      "type": "Feature",
      "id": 1073793121,
      "properties": {
        "name": "NH548A",
        "ref": "NH548A",
        "highway": "trunk",
        "bridge": "no",
        "tunnel": "no",
        "layer": "0",
        "lanes": "2",
        "maxspeed": "60",
        "oneway": "yes"
      },
      "geometry": {
        "type": "LineString",
        "coordinates": [
          [
            73.2835882,
            18.8059389,
            0.0
          ],
          [
            73.2835427,
            18.8060187,
            0.0
          ],
          [
            73.2835227,
            18.8061179,
            0.0
          ],
          [
            73.2835206,
            18.8063632,
            0.0
          ],
          [
            73.2835951,
            18.806692,
            0.0
          ],
          [
            73.2837143,
            18.8070533,
            0.0
          ],
          [
            73.2838668,
            18.8074726,
            0.0
          ],
          [
            73.2841731,
            18.8083648,
            0.0
          ],
          [
            73.2843517,
            18.8088834,
            0.0
          ],
          [
            73.2844845,
            18.8093053,
            0.0
          ],
          [
            73.284601,
            18.8096473,
            0.0
          ],
          [
            73.2847623,
            18.8099021,
            0.0
          ],
          [
            73.2848816,
            18.8100477,
            0.0
          ],
          [
            73.2850472,
            18.8101755,
            0.0
          ],
          [
            73.2852384,
            18.810284,
            0.0
          ],
          [
            73.2855663,
            18.8104733,
            0.0
          ]
        ]
      }
    },
    {
      "type": "Feature",
      "id": 1073793122,
      "properties": {
        "name": "NH548A",
        "ref": "NH548A",
        "highway": "trunk",
        "bridge": "no",
        "tunnel": "no",
        "layer": "0",
        "lanes": "2",
        "maxspeed": "60",
        "oneway": "no"
      },
      "geometry": {
        "type": "LineString",
        "coordinates": [
          [
            73.286478,
            18.8163823,
            0.0
          ],
          [
            73.2867152,
            18.8164537,
            0.0
          ],
          [
            73.2869625,
            18.8165411,
            0.0
          ],
          [
            73.2870214,
            18.8165619,
            0.0
          ],
          [
            73.2871099,
            18.8166913,
            0.0
          ],
          [
            73.2871416,
            18.8168562,
            0.0
          ]
        ]
      }
    },
    {
      "type": "Feature",
      "id": 1073793123,
      "properties": {
        "name": "NH548A",
        "ref": "NH548A",
        "highway": "trunk",
        "bridge": "no",
        "tunnel": "no",
        "layer": "0",
        "lanes": "2",
        "maxspeed": "60",
        "oneway": "yes"
      },
      "geometry": {
        "type": "LineString",
        "coordinates": [
          [
            73.286478,
            18.8163823,
            0.0
          ],
          [
            73.2863071,
            18.816314,
            0.0
          ],
          [
            73.2861519,
            18.8162286,
            0.0
          ],
          [
            73.2860635,
            18.8160971,
            0.0
          ],
          [
            73.286031,
            18.8160339,
            0.0
          ],
          [
            73.2859805,
            18.8159297,
            0.0
          ],
          [
            73.2859228,
            18.8154703,
            0.0
          ],
          [
            73.2858957,
            18.815267,
            0.0
          ],
          [
            73.285921,
            18.8150365,
            0.0
          ],
          [
            73.2859841,
            18.8147615,
            0.0
          ],
          [
            73.2860834,
            18.8144592,
            0.0
          ],
          [
            73.2861555,
            18.8142764,
            0.0
          ],
          [
            73.2862061,
            18.8141108,
            0.0
          ],
          [
            73.286253,
            18.813858,
            0.0
          ],
          [
            73.2862927,
            18.8135505,
            0.0
          ],
          [
            73.2862981,
            18.8131902,
            0.0
          ],
          [
            73.2863107,
            18.8125924,
            0.0
          ],
          [
            73.2863197,
            18.8121944,
            0.0
          ],
          [
            73.2863288,
            18.8120902,
            0.0
          ],
          [
            73.2863721,
            18.8119331,
            0.0
          ],
          [
            73.2864551,
            18.8116837,
            0.0
          ],
          [
            73.2864748,
            18.811555,
            0.0
          ],
          [
            73.2864912,
            18.811448,
            0.0
          ],
          [
            73.2864839,
            18.8112943,
            0.0
          ],
          [
            73.2864608,
            18.8112249,
            0.0
          ],
          [
            73.2864316,
            18.8111372,
            0.0
          ],
          [
            73.2863396,
            18.8109664,
            0.0
          ],
          [
            73.2862512,
            18.8108553,
            0.0
          ],
          [
            73.2860996,
            18.8107153,
            0.0
          ],
          [
            73.2857008,
            18.8104796,
            0.0
          ],
          [
            73.2856079,
            18.8104243,
            0.0
          ]
        ]
      }
    },
    {
      "type": "Feature",
      "id": 1073793124,
      "properties": {
        "name": "NH548A",
        "ref": "NH548A",
        "highway": "trunk",
        "bridge": "no",
        "tunnel": "no",
        "layer": "0",
        "lanes": "2",
        "maxspeed": "60",
        "oneway": "yes"
      },
      "geometry": {
        "type": "LineString",
        "coordinates": [
          [
            73.2856079,
            18.8104243,
            0.0
          ],
          [
            73.2853831,
            18.8103016,
            0.0
          ],
          [
            73.285098,
            18.8101274,
            0.0
          ],
          [
            73.2848707,
            18.809919,
            0.0
          ],
          [
            73.2847299,
            18.8097175,
            0.0
          ],
          [
            73.2845928,
            18.8094613,
            0.0
          ],
          [
            73.2844552,
            18.8089921,
            0.0
          ],
          [
            73.2842535,
            18.8084295,
            0.0
          ],
          [
            73.2840046,
            18.8077064,
            0.0
          ],
          [
            73.2837514,
            18.8070097,
            0.0
          ],
          [
            73.2836312,
            18.8066136,
            0.0
          ],
          [
            73.2835819,
            18.8063577,
            0.0
          ],
          [
            73.283584,
            18.8061891,
            0.0
          ],
          [
            73.2836119,
            18.8060184,
            0.0
          ],
          [
            73.2835882,
            18.8059389,
            0.0
          ]
        ]
      }
    },
    {
      "type": "Feature",
      "id": 1073793125,
      "properties": {
        "name": "NH548A",
        "ref": "NH548A",
        "highway": "trunk",
        "bridge": "no",
        "tunnel": "no",
        "layer": "0",
        "lanes": "2",
        "maxspeed": "60",
        "oneway": "no"
      },
      "geometry": {
        "type": "LineString",
        "coordinates": [
          [
            73.2871528,
            18.8182959,
            0.0
          ],
          [
            73.2871432,
            18.818515,
            0.0
          ]
        ]
      }
    },
    {
      "type": "Feature",
      "id": 1073793127,
      "properties": {
        "name": "NH548A",
        "ref": "NH548A",
        "highway": "trunk",
        "bridge": "no",
        "tunnel": "no",
        "layer": "0",
        "lanes": "2",
        "maxspeed": "60",
        "oneway": "yes"
      },
      "geometry": {
        "type": "LineString",
        "coordinates": [
          [
            73.2873089,
            18.83259,
            0.0
          ],
          [
            73.2872364,
            18.8324536,
            0.0
          ],
          [
            73.2871256,
            18.832287,
            0.0
          ],
          [
            73.2870604,
            18.8321592,
            0.0
          ],
          [
            73.2869754,
            18.8319308,
            0.0
          ],
          [
            73.2869178,
            18.8316321,
            0.0
          ],
          [
            73.2868449,
            18.8313234,
            0.0
          ],
          [
            73.286722,
            18.8310132,
            0.0
          ],
          [
            73.2866236,
            18.8308507,
            0.0
          ],
          [
            73.2865794,
            18.8307777,
            0.0
          ],
          [
            73.286367,
            18.8304948,
            0.0
          ],
          [
            73.2862494,
            18.8303477,
            0.0
          ],
          [
            73.2861591,
            18.8302348,
            0.0
          ],
          [
            73.2860104,
            18.8299849,
            0.0
          ],
          [
            73.2859427,
            18.8298412,
            0.0
          ],
          [
            73.2859224,
            18.8297983,
            0.0
          ],
          [
            73.2858587,
            18.8294924,
            0.0
          ],
          [
            73.2858147,
            18.8290515,
            0.0
          ],
          [
            73.285757,
            18.8287241,
            0.0
          ],
          [
            73.2856599,
            18.8282688,
            0.0
          ],
          [
            73.285625,
            18.827996,
            0.0
          ],
          [
            73.285619,
            18.827815,
            0.0
          ],
          [
            73.2856296,
            18.8274258,
            0.0
          ],
          [
            73.2856812,
            18.8268887,
            0.0
          ],
          [
            73.2857009,
            18.8266144,
            0.0
          ],
          [
            73.2856955,
            18.8264573,
            0.0
          ],
          [
            73.2856918,
            18.8263502,
            0.0
          ],
          [
            73.2856675,
            18.8262152,
            0.0
          ],
          [
            73.2856387,
            18.8261405,
            0.0
          ],
          [
            73.285534,
            18.8260227,
            0.0
          ],
          [
            73.285273,
            18.8258131,
            0.0
          ],
          [
            73.2850803,
            18.8256824,
            0.0
          ],
          [
            73.2849468,
            18.8254914,
            0.0
          ],
          [
            73.2848907,
            18.8252961,
            0.0
          ],
          [
            73.2848057,
            18.8248782,
            0.0
          ],
          [
            73.2847313,
            18.8245048,
            0.0
          ],
          [
            73.2847177,
            18.8243798,
            0.0
          ],
          [
            73.2847253,
            18.8242104,
            0.0
          ],
          [
            73.2847784,
            18.8240352,
            0.0
          ],
          [
            73.2848315,
            18.823926,
            0.0
          ],
          [
            73.2849422,
            18.8237436,
            0.0
          ],
          [
            73.2850394,
            18.823577,
            0.0
          ],
          [
            73.2850925,
            18.8233745,
            0.0
          ],
          [
            73.2851456,
            18.8229624,
            0.0
          ],
          [
            73.2852275,
            18.8223147,
            0.0
          ],
          [
            73.2853125,
            18.8215032,
            0.0
          ],
          [
            73.2853792,
            18.8210508,
            0.0
          ],
          [
            73.2854414,
            18.8206889,
            0.0
          ],
          [
            73.2855188,
            18.8204836,
            0.0
          ],
          [
            73.2856235,
            18.8203658,
            0.0
          ],
          [
            73.2857919,
            18.8202638,
            0.0
          ],
          [
            73.2861621,
            18.8201216,
            0.0
          ],
          [
            73.2864853,
            18.8199665,
            0.0
          ],
          [
            73.2866264,
            18.8198488,
            0.0
          ],
          [
            73.2867539,
            18.8196865,
            0.0
          ],
          [
            73.2868616,
            18.8195084,
            0.0
          ],
          [
            73.286935,
            18.8193188,
            0.0
          ],
          [
            73.2869967,
            18.8191594,
            0.0
          ],
          [
            73.2871013,
            18.8187932,
            0.0
          ],
          [
            73.287148,
            18.8186561,
            0.0
          ],
          [
            73.2871432,
            18.818515,
            0.0
          ]
        ]
      }
    },
    {
      "type": "Feature",
      "id": 1074530899,
      "properties": {
        "name": "Mumbai - Pune Expressway",
        "ref": "MPE",
        "highway": "motorway",
        "bridge": "no",
        "tunnel": "no",
        "layer": "0",
        "lanes": "3",
        "maxspeed": "100",
        "oneway": "yes"
      },
      "geometry": {
        "type": "LineString",
        "coordinates": [
          [
            73.4137663,
            18.7648854,
            0.0
          ],
          [
            73.4137133,
            18.764912,
            0.0
          ],
          [
            73.40896,
            18.7676745,
            0.0
          ],
          [
            73.4084076,
            18.7679582,
            0.0
          ],
          [
            73.4079539,
            18.7681417,
            0.0
          ],
          [
            73.4074753,
            18.7683135,
            0.0
          ],
          [
            73.4071824,
            18.768407,
            0.0
          ],
          [
            73.4049962,
            18.7690239,
            0.0
          ],
          [
            73.4045855,
            18.7691235,
            0.0
          ],
          [
            73.4042339,
            18.7691785,
            0.0
          ]
        ]
      }
    },
    {
      "type": "Feature",
      "id": 1074530900,
      "properties": {
        "name": "Mumbai - Pune Expressway",
        "ref": "MPE",
        "highway": "motorway",
        "bridge": "yes",
        "tunnel": "no",
        "layer": "1",
        "lanes": "3",
        "maxspeed": "100",
        "oneway": "yes"
      },
      "geometry": {
        "type": "LineString",
        "coordinates": [
          [
            73.4042339,
            18.7691785,
            0.0
          ],
          [
            73.4039617,
            18.7692019,
            0.0
          ]
        ]
      }
    },
    {
      "type": "Feature",
      "id": 1074530901,
      "properties": {
        "name": "Mumbai - Pune Expressway",
        "ref": "MPE",
        "highway": "motorway",
        "bridge": "no",
        "tunnel": "no",
        "layer": "0",
        "lanes": "3",
        "maxspeed": "100",
        "oneway": "yes"
      },
      "geometry": {
        "type": "LineString",
        "coordinates": [
          [
            73.4046136,
            18.769283,
            0.0
          ],
          [
            73.4046207,
            18.7692819,
            0.0
          ],
          [
            73.4050418,
            18.7691798,
            0.0
          ],
          [
            73.407234,
            18.7685611,
            0.0
          ],
          [
            73.4075328,
            18.7684657,
            0.0
          ],
          [
            73.4080178,
            18.7682917,
            0.0
          ],
          [
            73.408482,
            18.7681039,
            0.0
          ],
          [
            73.4090454,
            18.7678146,
            0.0
          ],
          [
            73.413798,
            18.7650526,
            0.0
          ],
          [
            73.4138555,
            18.7650238,
            0.0
          ]
        ]
      }
    },
    {
      "type": "Feature",
      "id": 1074530902,
      "properties": {
        "name": "Mumbai - Pune Expressway",
        "ref": "MPE",
        "highway": "motorway",
        "bridge": "yes",
        "tunnel": "no",
        "layer": "1",
        "lanes": "3",
        "maxspeed": "100",
        "oneway": "yes"
      },
      "geometry": {
        "type": "LineString",
        "coordinates": [
          [
            73.4042556,
            18.769339,
            0.0
          ],
          [
            73.4046136,
            18.769283,
            0.0
          ]
        ]
      }
    },
    {
      "type": "Feature",
      "id": 1133478329,
      "properties": {
        "name": "Mumbai - Pune Expressway",
        "ref": "MPE",
        "highway": "motorway",
        "bridge": "no",
        "tunnel": "no",
        "layer": "0",
        "lanes": "3",
        "maxspeed": "100",
        "oneway": "yes"
      },
      "geometry": {
        "type": "LineString",
        "coordinates": [
          [
            73.4209357,
            18.7616483,
            0.0
          ],
          [
            73.4205629,
            18.7618171,
            0.0
          ],
          [
            73.4191441,
            18.7625018,
            0.0
          ],
          [
            73.4187329,
            18.7627083,
            0.0
          ],
          [
            73.4184322,
            18.762842,
            0.0
          ]
        ]
      }
    },
    {
      "type": "Feature",
      "id": 1133478330,
      "properties": {
        "name": "Mumbai - Pune Expressway",
        "ref": "MPE",
        "highway": "motorway",
        "bridge": "yes",
        "tunnel": "no",
        "layer": "1",
        "lanes": "3",
        "maxspeed": "100",
        "oneway": "yes"
      },
      "geometry": {
        "type": "LineString",
        "coordinates": [
          [
            73.4184322,
            18.762842,
            0.0
          ],
          [
            73.4182682,
            18.7629149,
            0.0
          ],
          [
            73.4180352,
            18.7630054,
            0.0
          ]
        ]
      }
    },
    {
      "type": "Feature",
      "id": 1133478331,
      "properties": {
        "name": "Mumbai - Pune Expressway",
        "ref": "MPE",
        "highway": "motorway",
        "bridge": "no",
        "tunnel": "no",
        "layer": "0",
        "lanes": "3",
        "maxspeed": "100",
        "oneway": "yes"
      },
      "geometry": {
        "type": "LineString",
        "coordinates": [
          [
            73.4185422,
            18.7629717,
            0.0
          ],
          [
            73.4188093,
            18.762853,
            0.0
          ],
          [
            73.4192229,
            18.7626453,
            0.0
          ],
          [
            73.4206324,
            18.761965,
            0.0
          ],
          [
            73.4210226,
            18.761824,
            0.0
          ]
        ]
      }
    },
    {
      "type": "Feature",
      "id": 1133478332,
      "properties": {
        "name": "Mumbai - Pune Expressway",
        "ref": "MPE",
        "highway": "motorway",
        "bridge": "yes",
        "tunnel": "no",
        "layer": "1",
        "lanes": "3",
        "maxspeed": "100",
        "oneway": "yes"
      },
      "geometry": {
        "type": "LineString",
        "coordinates": [
          [
            73.4181202,
            18.7631472,
            0.0
          ],
          [
            73.4183369,
            18.763063,
            0.0
          ],
          [
            73.4185422,
            18.7629717,
            0.0
          ]
        ]
      }
    },
    {
      "type": "Feature",
      "id": 1133676744,
      "properties": {
        "name": "NH48",
        "ref": "NH48",
        "highway": "trunk",
        "bridge": "no",
        "tunnel": "no",
        "layer": "0",
        "lanes": "2",
        "maxspeed": "60",
        "oneway": "yes"
      },
      "geometry": {
        "type": "LineString",
        "coordinates": [
          [
            73.3394409,
            18.7910981,
            0.0
          ],
          [
            73.3394995,
            18.791027,
            0.0
          ],
          [
            73.3396514,
            18.7908429,
            0.0
          ],
          [
            73.3397557,
            18.7905908,
            0.0
          ],
          [
            73.3398597,
            18.7902043,
            0.0
          ],
          [
            73.3399096,
            18.7899144,
            0.0
          ],
          [
            73.3399893,
            18.7895135,
            0.0
          ],
          [
            73.3400599,
            18.7892032,
            0.0
          ],
          [
            73.3402685,
            18.7882814,
            0.0
          ],
          [
            73.3402954,
            18.7882156,
            0.0
          ],
          [
            73.3404526,
            18.7878309,
            0.0
          ],
          [
            73.3407922,
            18.7874805,
            0.0
          ],
          [
            73.3409993,
            18.787309,
            0.0
          ],
          [
            73.3420481,
            18.7866318,
            0.0
          ],
          [
            73.3427813,
            18.7861118,
            0.0
          ],
          [
            73.342897,
            18.7860321,
            0.0
          ],
          [
            73.3432514,
            18.785785,
            0.0
          ],
          [
            73.3435505,
            18.7855853,
            0.0
          ],
          [
            73.3445299,
            18.7849807,
            0.0
          ],
          [
            73.3447477,
            18.7848873,
            0.0
          ],
          [
            73.3450015,
            18.7848397,
            0.0
          ],
          [
            73.3453795,
            18.7848544,
            0.0
          ],
          [
            73.347338,
            18.7852807,
            0.0
          ],
          [
            73.3475399,
            18.7852998,
            0.0
          ]
        ]
      }
    },
    {
      "type": "Feature",
      "id": 1133676745,
      "properties": {
        "name": "NH48",
        "ref": "NH48",
        "highway": "trunk",
        "bridge": "no",
        "tunnel": "no",
        "layer": "1",
        "lanes": "2",
        "maxspeed": "60",
        "oneway": "yes"
      },
      "geometry": {
        "type": "LineString",
        "coordinates": [
          [
            73.3387095,
            18.7915268,
            0.0
          ],
          [
            73.3394409,
            18.7910981,
            0.0
          ]
        ]
      }
    },
    {
      "type": "Feature",
      "id": 1160841574,
      "properties": {
        "name": "motorway_link",
        "ref": "",
        "highway": "motorway_link",
        "bridge": "no",
        "tunnel": "no",
        "layer": "0",
        "lanes": "2",
        "maxspeed": "40",
        "oneway": "yes"
      },
      "geometry": {
        "type": "LineString",
        "coordinates": [
          [
            73.294668,
            18.7931149,
            0.0
          ],
          [
            73.2951157,
            18.7930012,
            0.0
          ],
          [
            73.295141,
            18.7929999,
            0.0
          ],
          [
            73.2951994,
            18.7929969,
            0.0
          ],
          [
            73.2952931,
            18.792992,
            0.0
          ],
          [
            73.2954617,
            18.7929451,
            0.0
          ],
          [
            73.2955234,
            18.7929207,
            0.0
          ],
          [
            73.2959872,
            18.7927373,
            0.0
          ],
          [
            73.296179,
            18.7926614,
            0.0
          ],
          [
            73.2968079,
            18.7924689,
            0.0
          ]
        ]
      }
    },
    {
      "type": "Feature",
      "id": 1186174948,
      "properties": {
        "name": "NH548A",
        "ref": "NH548A",
        "highway": "trunk",
        "bridge": "no",
        "tunnel": "no",
        "layer": "0",
        "lanes": "2",
        "maxspeed": "60",
        "oneway": "no"
      },
      "geometry": {
        "type": "LineString",
        "coordinates": [
          [
            73.2884435,
            18.7938359,
            0.0
          ],
          [
            73.2883726,
            18.7935401,
            0.0
          ],
          [
            73.2881155,
            18.7924135,
            0.0
          ],
          [
            73.2879279,
            18.7916634,
            0.0
          ],
          [
            73.2878914,
            18.7915173,
            0.0
          ],
          [
            73.2878405,
            18.7913137,
            0.0
          ],
          [
            73.2877806,
            18.7907065,
            0.0
          ],
          [
            73.2877976,
            18.7901355,
            0.0
          ],
          [
            73.2878906,
            18.7891532,
            0.0
          ],
          [
            73.2879079,
            18.7889709,
            0.0
          ],
          [
            73.2879607,
            18.7884128,
            0.0
          ],
          [
            73.2879737,
            18.7880225,
            0.0
          ],
          [
            73.2879415,
            18.7877026,
            0.0
          ],
          [
            73.2879178,
            18.7876102,
            0.0
          ],
          [
            73.2878319,
            18.7872752,
            0.0
          ],
          [
            73.287561,
            18.7864523,
            0.0
          ],
          [
            73.2874628,
            18.7861539,
            0.0
          ],
          [
            73.2868094,
            18.7844973,
            0.0
          ],
          [
            73.2866904,
            18.7841955,
            0.0
          ],
          [
            73.2862955,
            18.782611,
            0.0
          ],
          [
            73.2861686,
            18.781951,
            0.0
          ],
          [
            73.2861391,
            18.781598,
            0.0
          ],
          [
            73.2861458,
            18.7814088,
            0.0
          ],
          [
            73.2861754,
            18.7812133,
            0.0
          ],
          [
            73.2863268,
            18.7807486,
            0.0
          ],
          [
            73.2863563,
            18.7806368,
            0.0
          ],
          [
            73.2863644,
            18.7804984,
            0.0
          ],
          [
            73.286351,
            18.7803994,
            0.0
          ],
          [
            73.2863374,
            18.7803284,
            0.0
          ],
          [
            73.2862487,
            18.7798662,
            0.0
          ],
          [
            73.2861883,
            18.7795512,
            0.0
          ],
          [
            73.2859886,
            18.77851,
            0.0
          ],
          [
            73.2859179,
            18.7781416,
            0.0
          ],
          [
            73.2858816,
            18.7778803,
            0.0
          ],
          [
            73.2859179,
            18.7775078,
            0.0
          ],
          [
            73.2860184,
            18.7771972,
            0.0
          ],
          [
            73.2863642,
            18.7762645,
            0.0
          ],
          [
            73.286429,
            18.7759047,
            0.0
          ],
          [
            73.2864475,
            18.7758017,
            0.0
          ],
          [
            73.28645,
            18.7755331,
            0.0
          ],
          [
            73.2864194,
            18.7752659,
            0.0
          ],
          [
            73.2861754,
            18.7740541,
            0.0
          ],
          [
            73.2857977,
            18.7727539,
            0.0
          ],
          [
            73.28568,
            18.7722489,
            0.0
          ],
          [
            73.2856647,
            18.7721834,
            0.0
          ]
        ]
      }
    },
    {
      "type": "Feature",
      "id": 1186174949,
      "properties": {
        "name": "NH548A",
        "ref": "NH548A",
        "highway": "trunk",
        "bridge": "yes",
        "tunnel": "no",
        "layer": "1",
        "lanes": "2",
        "maxspeed": "60",
        "oneway": "no"
      },
      "geometry": {
        "type": "LineString",
        "coordinates": [
          [
            73.2836859,
            18.7571592,
            0.0
          ],
          [
            73.2837801,
            18.7567189,
            0.0
          ]
        ]
      }
    },
    {
      "type": "Feature",
      "id": 1264780654,
      "properties": {
        "name": "trunk",
        "ref": "",
        "highway": "trunk",
        "bridge": "no",
        "tunnel": "no",
        "layer": "0",
        "lanes": "2",
        "maxspeed": "60",
        "oneway": "yes"
      },
      "geometry": {
        "type": "LineString",
        "coordinates": [
          [
            73.3211716,
            18.8041113,
            0.0
          ],
          [
            73.3210578,
            18.8042028,
            0.0
          ],
          [
            73.3207176,
            18.8049196,
            0.0
          ],
          [
            73.3205005,
            18.8054204,
            0.0
          ],
          [
            73.320178,
            18.8060491,
            0.0
          ],
          [
            73.3199076,
            18.8064915,
            0.0
          ],
          [
            73.3197788,
            18.8066527,
            0.0
          ],
          [
            73.3196954,
            18.8067354,
            0.0
          ],
          [
            73.319601,
            18.806829,
            0.0
          ],
          [
            73.3192125,
            18.8071857,
            0.0
          ],
          [
            73.3185302,
            18.8076724,
            0.0
          ],
          [
            73.3179203,
            18.8080825,
            0.0
          ],
          [
            73.3176915,
            18.8082281,
            0.0
          ],
          [
            73.3172763,
            18.8085057,
            0.0
          ],
          [
            73.3166866,
            18.8089158,
            0.0
          ],
          [
            73.3158894,
            18.809472,
            0.0
          ],
          [
            73.3157019,
            18.8095866,
            0.0
          ],
          [
            73.3150516,
            18.810031,
            0.0
          ],
          [
            73.3149452,
            18.8101037,
            0.0
          ],
          [
            73.3148758,
            18.8101483,
            0.0
          ],
          [
            73.3147796,
            18.8102091,
            0.0
          ],
          [
            73.3143261,
            18.8104959,
            0.0
          ],
          [
            73.3142565,
            18.8105461,
            0.0
          ],
          [
            73.3134518,
            18.8110841,
            0.0
          ]
        ]
      }
    },
    {
      "type": "Feature",
      "id": 1264780655,
      "properties": {
        "name": "NH48",
        "ref": "NH48",
        "highway": "trunk",
        "bridge": "no",
        "tunnel": "no",
        "layer": "0",
        "lanes": "2",
        "maxspeed": "60",
        "oneway": "no"
      },
      "geometry": {
        "type": "LineString",
        "coordinates": [
          [
            73.321308,
            18.8039303,
            0.0
          ],
          [
            73.3211716,
            18.8041113,
            0.0
          ]
        ]
      }
    },
    {
      "type": "Feature",
      "id": 1264780657,
      "properties": {
        "name": "NH48",
        "ref": "NH48",
        "highway": "trunk",
        "bridge": "no",
        "tunnel": "no",
        "layer": "0",
        "lanes": "2",
        "maxspeed": "60",
        "oneway": "yes"
      },
      "geometry": {
        "type": "LineString",
        "coordinates": [
          [
            73.3129838,
            18.8114636,
            0.0
          ],
          [
            73.3128522,
            18.8116086,
            0.0
          ],
          [
            73.3123307,
            18.8122773,
            0.0
          ]
        ]
      }
    },
    {
      "type": "Feature",
      "id": 1271381634,
      "properties": {
        "name": "Old NH4",
        "ref": "NH48",
        "highway": "trunk",
        "bridge": "no",
        "tunnel": "no",
        "layer": "0",
        "lanes": "2",
        "maxspeed": "60",
        "oneway": "no"
      },
      "geometry": {
        "type": "LineString",
        "coordinates": [
          [
            73.3528253,
            18.7648984,
            0.0
          ],
          [
            73.3527705,
            18.7648009,
            0.0
          ],
          [
            73.3526779,
            18.7646928,
            0.0
          ],
          [
            73.352564,
            18.7645441,
            0.0
          ],
          [
            73.3524487,
            18.7644503,
            0.0
          ],
          [
            73.3522916,
            18.7644041,
            0.0
          ],
          [
            73.3521316,
            18.7643801,
            0.0
          ],
          [
            73.3519876,
            18.7643977,
            0.0
          ],
          [
            73.3518604,
            18.7644677,
            0.0
          ]
        ]
      }
    },
    {
      "type": "Feature",
      "id": 1271406693,
      "properties": {
        "name": "NH48",
        "ref": "NH48",
        "highway": "trunk",
        "bridge": "no",
        "tunnel": "no",
        "layer": "0",
        "lanes": "2",
        "maxspeed": "60",
        "oneway": "no"
      },
      "geometry": {
        "type": "LineString",
        "coordinates": [
          [
            73.4158217,
            18.7589923,
            0.0
          ],
          [
            73.4158419,
            18.7590026,
            0.0
          ],
          [
            73.4165959,
            18.7593882,
            0.0
          ],
          [
            73.4170509,
            18.759575,
            0.0
          ],
          [
            73.4176073,
            18.7597616,
            0.0
          ],
          [
            73.4184465,
            18.7600349,
            0.0
          ],
          [
            73.4194025,
            18.7603462,
            0.0
          ],
          [
            73.4198268,
            18.7604631,
            0.0
          ],
          [
            73.420687,
            18.7607001,
            0.0
          ],
          [
            73.4212006,
            18.7608416,
            0.0
          ],
          [
            73.4216067,
            18.760885,
            0.0
          ],
          [
            73.4219561,
            18.7609132,
            0.0
          ],
          [
            73.4223116,
            18.7609199,
            0.0
          ],
          [
            73.4227332,
            18.7609051,
            0.0
          ],
          [
            73.4236662,
            18.760771,
            0.0
          ],
          [
            73.4242717,
            18.7606554,
            0.0
          ],
          [
            73.4243166,
            18.7606435,
            0.0
          ],
          [
            73.4249285,
            18.7604848,
            0.0
          ],
          [
            73.4250785,
            18.7604422,
            0.0
          ],
          [
            73.425309,
            18.7603896,
            0.0
          ],
          [
            73.4263932,
            18.7601673,
            0.0
          ],
          [
            73.426832,
            18.7600774,
            0.0
          ],
          [
            73.426857,
            18.7600723,
            0.0
          ],
          [
            73.4280539,
            18.7598294,
            0.0
          ],
          [
            73.4282122,
            18.7597971,
            0.0
          ],
          [
            73.4289677,
            18.759628,
            0.0
          ],
          [
            73.429264,
            18.7595617,
            0.0
          ],
          [
            73.4306697,
            18.7592472,
            0.0
          ],
          [
            73.4307044,
            18.7592394,
            0.0
          ]
        ]
      }
    },
    {
      "type": "Feature",
      "id": 1271412243,
      "properties": {
        "name": "NH48",
        "ref": "NH48",
        "highway": "trunk",
        "bridge": "no",
        "tunnel": "no",
        "layer": "0",
        "lanes": "2",
        "maxspeed": "60",
        "oneway": "yes"
      },
      "geometry": {
        "type": "LineString",
        "coordinates": [
          [
            73.4116887,
            18.7569833,
            0.0
          ],
          [
            73.4120354,
            18.757153,
            0.0
          ],
          [
            73.4126821,
            18.7574694,
            0.0
          ],
          [
            73.4134364,
            18.7578491,
            0.0
          ],
          [
            73.4147221,
            18.7584706,
            0.0
          ],
          [
            73.4156912,
            18.7589608,
            0.0
          ],
          [
            73.4158217,
            18.7589923,
            0.0
          ]
        ]
      }
    },
    {
      "type": "Feature",
      "id": 1271412244,
      "properties": {
        "name": "NH48",
        "ref": "NH48",
        "highway": "trunk",
        "bridge": "no",
        "tunnel": "no",
        "layer": "0",
        "lanes": "2",
        "maxspeed": "60",
        "oneway": "yes"
      },
      "geometry": {
        "type": "LineString",
        "coordinates": [
          [
            73.4158217,
            18.7589923,
            0.0
          ],
          [
            73.4157279,
            18.7589147,
            0.0
          ],
          [
            73.4150115,
            18.7585394,
            0.0
          ],
          [
            73.4134643,
            18.7577896,
            0.0
          ],
          [
            73.4126711,
            18.7574003,
            0.0
          ],
          [
            73.4117156,
            18.7569312,
            0.0
          ]
        ]
      }
    },
    {
      "type": "Feature",
      "id": 1271412245,
      "properties": {
        "name": "NH48",
        "ref": "NH48",
        "highway": "trunk",
        "bridge": "no",
        "tunnel": "no",
        "layer": "0",
        "lanes": "2",
        "maxspeed": "60",
        "oneway": "yes"
      },
      "geometry": {
        "type": "LineString",
        "coordinates": [
          [
            73.4117156,
            18.7569312,
            0.0
          ],
          [
            73.4108299,
            18.7564963,
            0.0
          ],
          [
            73.4102111,
            18.7561925,
            0.0
          ],
          [
            73.4084814,
            18.7553627,
            0.0
          ],
          [
            73.4082875,
            18.7552554,
            0.0
          ],
          [
            73.4080142,
            18.7551303,
            0.0
          ],
          [
            73.4077694,
            18.7550183,
            0.0
          ],
          [
            73.4074017,
            18.7548246,
            0.0
          ],
          [
            73.4069934,
            18.7546193,
            0.0
          ],
          [
            73.4066496,
            18.7544602,
            0.0
          ],
          [
            73.4063737,
            18.7543336,
            0.0
          ],
          [
            73.4060833,
            18.7542183,
            0.0
          ],
          [
            73.4057936,
            18.7541562,
            0.0
          ],
          [
            73.405649,
            18.7541191,
            0.0
          ],
          [
            73.4052283,
            18.7540272,
            0.0
          ],
          [
            73.4048885,
            18.7539821,
            0.0
          ],
          [
            73.4046926,
            18.7539756,
            0.0
          ],
          [
            73.4043727,
            18.7539841,
            0.0
          ]
        ]
      }
    },
    {
      "type": "Feature",
      "id": 1271412248,
      "properties": {
        "name": "NH48",
        "ref": "NH48",
        "highway": "trunk",
        "bridge": "no",
        "tunnel": "no",
        "layer": "0",
        "lanes": "2",
        "maxspeed": "60",
        "oneway": "yes"
      },
      "geometry": {
        "type": "LineString",
        "coordinates": [
          [
            73.4043727,
            18.7539841,
            0.0
          ],
          [
            73.404288,
            18.7539916,
            0.0
          ]
        ]
      }
    },
    {
      "type": "Feature",
      "id": 1271412249,
      "properties": {
        "name": "NH48",
        "ref": "NH48",
        "highway": "trunk",
        "bridge": "no",
        "tunnel": "no",
        "layer": "0",
        "lanes": "2",
        "maxspeed": "60",
        "oneway": "yes"
      },
      "geometry": {
        "type": "LineString",
        "coordinates": [
          [
            73.404288,
            18.7539916,
            0.0
          ],
          [
            73.4034609,
            18.7540704,
            0.0
          ],
          [
            73.4027647,
            18.7541548,
            0.0
          ],
          [
            73.4020009,
            18.7542176,
            0.0
          ],
          [
            73.4017103,
            18.7542496,
            0.0
          ],
          [
            73.4015765,
            18.7542777,
            0.0
          ],
          [
            73.4014027,
            18.754318,
            0.0
          ]
        ]
      }
    },
    {
      "type": "Feature",
      "id": 1271421619,
      "properties": {
        "name": "trunk_link",
        "ref": "",
        "highway": "trunk_link",
        "bridge": "no",
        "tunnel": "no",
        "layer": "0",
        "lanes": "2",
        "maxspeed": "60",
        "oneway": "yes"
      },
      "geometry": {
        "type": "LineString",
        "coordinates": [
          [
            73.4320993,
            18.7585323,
            0.0
          ],
          [
            73.4321218,
            18.7586172,
            0.0
          ],
          [
            73.4321299,
            18.7586994,
            0.0
          ],
          [
            73.4321164,
            18.758793,
            0.0
          ],
          [
            73.4320703,
            18.7588764,
            0.0
          ],
          [
            73.432,
            18.7589533,
            0.0
          ]
        ]
      }
    },
    {
      "type": "Feature",
      "id": 1271453940,
      "properties": {
        "name": "trunk_link",
        "ref": "",
        "highway": "trunk_link",
        "bridge": "no",
        "tunnel": "no",
        "layer": "0",
        "lanes": "2",
        "maxspeed": "60",
        "oneway": "yes"
      },
      "geometry": {
        "type": "LineString",
        "coordinates": [
          [
            73.323969,
            18.8011756,
            0.0
          ],
          [
            73.3240062,
            18.8010677,
            0.0
          ],
          [
            73.3240187,
            18.801022,
            0.0
          ],
          [
            73.3240047,
            18.8009307,
            0.0
          ],
          [
            73.3239625,
            18.8008533,
            0.0
          ]
        ]
      }
    },
    {
      "type": "Feature",
      "id": 1271454737,
      "properties": {
        "name": "Old NH4",
        "ref": "NH48",
        "highway": "trunk",
        "bridge": "no",
        "tunnel": "no",
        "layer": "0",
        "lanes": "2",
        "maxspeed": "60",
        "oneway": "yes"
      },
      "geometry": {
        "type": "LineString",
        "coordinates": [
          [
            73.3530289,
            18.7705726,
            0.0
          ],
          [
            73.3529549,
            18.7705203,
            0.0
          ],
          [
            73.3529297,
            18.7704459,
            0.0
          ],
          [
            73.3529496,
            18.7703794,
            0.0
          ],
          [
            73.352986,
            18.7703302,
            0.0
          ],
          [
            73.353044,
            18.770245,
            0.0
          ],
          [
            73.3531341,
            18.7701234,
            0.0
          ],
          [
            73.3532363,
            18.7699066,
            0.0
          ],
          [
            73.3533255,
            18.7696745,
            0.0
          ],
          [
            73.3534877,
            18.7693142,
            0.0
          ],
          [
            73.3535074,
            18.7692136,
            0.0
          ],
          [
            73.3534954,
            18.7690795,
            0.0
          ],
          [
            73.3534621,
            18.768956,
            0.0
          ],
          [
            73.3533906,
            18.7687571,
            0.0
          ],
          [
            73.3533131,
            18.7685572,
            0.0
          ],
          [
            73.3532769,
            18.7683982,
            0.0
          ],
          [
            73.353274,
            18.7681568,
            0.0
          ],
          [
            73.3532427,
            18.7679129,
            0.0
          ],
          [
            73.3532303,
            18.7676005,
            0.0
          ],
          [
            73.3532108,
            18.7673428,
            0.0
          ],
          [
            73.3532292,
            18.7671669,
            0.0
          ],
          [
            73.3532789,
            18.7670112,
            0.0
          ],
          [
            73.3533104,
            18.7668677,
            0.0
          ],
          [
            73.35333,
            18.7667734,
            0.0
          ],
          [
            73.3533668,
            18.7666817,
            0.0
          ],
          [
            73.3533874,
            18.7666344,
            0.0
          ],
          [
            73.3534118,
            18.7666061,
            0.0
          ],
          [
            73.3534632,
            18.7666045,
            0.0
          ],
          [
            73.3535364,
            18.7666468,
            0.0
          ],
          [
            73.3535918,
            18.7666901,
            0.0
          ],
          [
            73.3536408,
            18.7667116,
            0.0
          ],
          [
            73.3537033,
            18.7667137,
            0.0
          ],
          [
            73.3537712,
            18.7666807,
            0.0
          ],
          [
            73.3538216,
            18.766609,
            0.0
          ],
          [
            73.3537893,
            18.7665438,
            0.0
          ],
          [
            73.3537287,
            18.7664847,
            0.0
          ],
          [
            73.3536773,
            18.7664383,
            0.0
          ],
          [
            73.3536137,
            18.7663512,
            0.0
          ],
          [
            73.3535559,
            18.7662735,
            0.0
          ],
          [
            73.3535369,
            18.7662185,
            0.0
          ],
          [
            73.3535291,
            18.7661441,
            0.0
          ],
          [
            73.353538,
            18.7660615,
            0.0
          ],
          [
            73.3535494,
            18.766001,
            0.0
          ],
          [
            73.3535328,
            18.7659325,
            0.0
          ],
          [
            73.3534996,
            18.7658846,
            0.0
          ],
          [
            73.3534538,
            18.7658667,
            0.0
          ],
          [
            73.3533882,
            18.7658847,
            0.0
          ],
          [
            73.3533334,
            18.7659354,
            0.0
          ],
          [
            73.353307,
            18.7659818,
            0.0
          ],
          [
            73.353254,
            18.7660995,
            0.0
          ],
          [
            73.3531624,
            18.7662699,
            0.0
          ],
          [
            73.3530779,
            18.7663681,
            0.0
          ],
          [
            73.3529955,
            18.7664118,
            0.0
          ],
          [
            73.3529359,
            18.7664061,
            0.0
          ],
          [
            73.3528765,
            18.7663883,
            0.0
          ],
          [
            73.3528186,
            18.7663002,
            0.0
          ],
          [
            73.352769,
            18.7661773,
            0.0
          ],
          [
            73.3527533,
            18.7660326,
            0.0
          ],
          [
            73.3527614,
            18.7658637,
            0.0
          ],
          [
            73.3528065,
            18.7656883,
            0.0
          ],
          [
            73.3528543,
            18.7654963,
            0.0
          ],
          [
            73.352912,
            18.7652812,
            0.0
          ],
          [
            73.3528904,
            18.7650281,
            0.0
          ],
          [
            73.3528253,
            18.7648984,
            0.0
          ]
        ]
      }
    },
    {
      "type": "Feature",
      "id": 1271644942,
      "properties": {
        "name": "motorway_link",
        "ref": "",
        "highway": "motorway_link",
        "bridge": "no",
        "tunnel": "no",
        "layer": "0",
        "lanes": "2",
        "maxspeed": "60",
        "oneway": "yes"
      },
      "geometry": {
        "type": "LineString",
        "coordinates": [
          [
            73.4288459,
            18.7599205,
            0.0
          ],
          [
            73.4288241,
            18.759982,
            0.0
          ],
          [
            73.4288124,
            18.7600286,
            0.0
          ],
          [
            73.4288042,
            18.7601271,
            0.0
          ],
          [
            73.4288193,
            18.7602476,
            0.0
          ],
          [
            73.4288521,
            18.7603478,
            0.0
          ],
          [
            73.4289156,
            18.7604421,
            0.0
          ],
          [
            73.4289596,
            18.7604988,
            0.0
          ],
          [
            73.429059,
            18.7606196,
            0.0
          ]
        ]
      }
    },
    {
      "type": "Feature",
      "id": 1271655317,
      "properties": {
        "name": "motorway_link",
        "ref": "",
        "highway": "motorway_link",
        "bridge": "no",
        "tunnel": "no",
        "layer": "0",
        "lanes": "2",
        "maxspeed": "60",
        "oneway": "no"
      },
      "geometry": {
        "type": "LineString",
        "coordinates": [
          [
            73.4450168,
            18.7332753,
            0.0
          ],
          [
            73.4450121,
            18.7332027,
            0.0
          ],
          [
            73.4449887,
            18.7331378,
            0.0
          ],
          [
            73.4449358,
            18.7330847,
            0.0
          ],
          [
            73.4448626,
            18.7330538,
            0.0
          ],
          [
            73.444735,
            18.7330317,
            0.0
          ],
          [
            73.4446353,
            18.7329977,
            0.0
          ],
          [
            73.4445964,
            18.7329712,
            0.0
          ],
          [
            73.4445327,
            18.7328997,
            0.0
          ]
        ]
      }
    },
    {
      "type": "Feature",
      "id": 1271659138,
      "properties": {
        "name": "trunk_link",
        "ref": "",
        "highway": "trunk_link",
        "bridge": "no",
        "tunnel": "no",
        "layer": "0",
        "lanes": "2",
        "maxspeed": "60",
        "oneway": "no"
      },
      "geometry": {
        "type": "LineString",
        "coordinates": [
          [
            73.4347612,
            18.7590177,
            0.0
          ],
          [
            73.4347937,
            18.7589476,
            0.0
          ]
        ]
      }
    },
    {
      "type": "Feature",
      "id": 1271659139,
      "properties": {
        "name": "NH48",
        "ref": "NH48",
        "highway": "trunk",
        "bridge": "no",
        "tunnel": "no",
        "layer": "0",
        "lanes": "2",
        "maxspeed": "60",
        "oneway": "yes"
      },
      "geometry": {
        "type": "LineString",
        "coordinates": [
          [
            73.3474976,
            18.7852202,
            0.0
          ],
          [
            73.3473632,
            18.785209,
            0.0
          ],
          [
            73.3472019,
            18.7851755,
            0.0
          ],
          [
            73.3466455,
            18.7850478,
            0.0
          ],
          [
            73.345435,
            18.7848105,
            0.0
          ],
          [
            73.3450535,
            18.7847607,
            0.0
          ],
          [
            73.3449745,
            18.7847711,
            0.0
          ],
          [
            73.3449001,
            18.7847808,
            0.0
          ],
          [
            73.3448183,
            18.7848024,
            0.0
          ],
          [
            73.3445926,
            18.7848717,
            0.0
          ],
          [
            73.3444376,
            18.7849431,
            0.0
          ],
          [
            73.3440933,
            18.7851414,
            0.0
          ],
          [
            73.3435097,
            18.7855298,
            0.0
          ],
          [
            73.3432169,
            18.7857247,
            0.0
          ],
          [
            73.3430163,
            18.7858581,
            0.0
          ],
          [
            73.3419876,
            18.7865514,
            0.0
          ],
          [
            73.3414867,
            18.7868889,
            0.0
          ],
          [
            73.3407924,
            18.7873686,
            0.0
          ],
          [
            73.3407301,
            18.7874034,
            0.0
          ],
          [
            73.3405195,
            18.787576,
            0.0
          ],
          [
            73.3403565,
            18.7878107,
            0.0
          ],
          [
            73.3402566,
            18.788022,
            0.0
          ],
          [
            73.3401996,
            18.7881867,
            0.0
          ],
          [
            73.3401758,
            18.7882553,
            0.0
          ],
          [
            73.3400263,
            18.7889451,
            0.0
          ],
          [
            73.3398258,
            18.7898998,
            0.0
          ],
          [
            73.3397029,
            18.7904852,
            0.0
          ],
          [
            73.3395783,
            18.7907704,
            0.0
          ],
          [
            73.3394495,
            18.7909506,
            0.0
          ],
          [
            73.3394057,
            18.7909828,
            0.0
          ],
          [
            73.3392611,
            18.7910893,
            0.0
          ],
          [
            73.33893,
            18.7912749,
            0.0
          ],
          [
            73.338256,
            18.7916867,
            0.0
          ],
          [
            73.3371126,
            18.7923853,
            0.0
          ],
          [
            73.3369315,
            18.792496,
            0.0
          ],
          [
            73.3349283,
            18.7936983,
            0.0
          ],
          [
            73.3345964,
            18.793898,
            0.0
          ],
          [
            73.3335602,
            18.7945214,
            0.0
          ],
          [
            73.3334734,
            18.7945654,
            0.0
          ],
          [
            73.333206,
            18.7947008,
            0.0
          ],
          [
            73.3328337,
            18.7948598,
            0.0
          ],
          [
            73.3323214,
            18.7950757,
            0.0
          ],
          [
            73.3315605,
            18.7954105,
            0.0
          ],
          [
            73.3312264,
            18.7955745,
            0.0
          ],
          [
            73.3300561,
            18.7961492,
            0.0
          ],
          [
            73.3291549,
            18.7965917,
            0.0
          ],
          [
            73.3291232,
            18.7966072,
            0.0
          ],
          [
            73.3287982,
            18.7967723,
            0.0
          ],
          [
            73.3286119,
            18.7969111,
            0.0
          ],
          [
            73.3283999,
            18.7971457,
            0.0
          ],
          [
            73.3279261,
            18.7976999,
            0.0
          ],
          [
            73.3277709,
            18.7978816,
            0.0
          ],
          [
            73.3275015,
            18.798206,
            0.0
          ],
          [
            73.3273629,
            18.798373,
            0.0
          ],
          [
            73.3271606,
            18.7985594,
            0.0
          ],
          [
            73.326605,
            18.7990815,
            0.0
          ]
        ]
      }
    },
    {
      "type": "Feature",
      "id": 1271659140,
      "properties": {
        "name": "NH48",
        "ref": "NH48",
        "highway": "trunk",
        "bridge": "no",
        "tunnel": "no",
        "layer": "0",
        "lanes": "2",
        "maxspeed": "60",
        "oneway": "no"
      },
      "geometry": {
        "type": "LineString",
        "coordinates": [
          [
            73.3479733,
            18.7852353,
            0.0
          ],
          [
            73.3481174,
            18.7852176,
            0.0
          ]
        ]
      }
    },
    {
      "type": "Feature",
      "id": 1271659141,
      "properties": {
        "name": "NH48",
        "ref": "NH48",
        "highway": "trunk",
        "bridge": "no",
        "tunnel": "no",
        "layer": "0",
        "lanes": "2",
        "maxspeed": "60",
        "oneway": "no"
      },
      "geometry": {
        "type": "LineString",
        "coordinates": [
          [
            73.3242753,
            18.800919,
            0.0
          ],
          [
            73.3245403,
            18.8007078,
            0.0
          ],
          [
            73.3247466,
            18.8005435,
            0.0
          ],
          [
            73.3251947,
            18.8002117,
            0.0
          ],
          [
            73.3253302,
            18.8001114,
            0.0
          ],
          [
            73.3257634,
            18.7998237,
            0.0
          ],
          [
            73.3259867,
            18.7996754,
            0.0
          ],
          [
            73.3262032,
            18.7995166,
            0.0
          ],
          [
            73.3265022,
            18.799226,
            0.0
          ]
        ]
      }
    },
    {
      "type": "Feature",
      "id": 1271659144,
      "properties": {
        "name": "trunk_link",
        "ref": "",
        "highway": "trunk_link",
        "bridge": "no",
        "tunnel": "no",
        "layer": "0",
        "lanes": "2",
        "maxspeed": "60",
        "oneway": "no"
      },
      "geometry": {
        "type": "LineString",
        "coordinates": [
          [
            73.3312659,
            18.7956592,
            0.0
          ],
          [
            73.3312264,
            18.7955745,
            0.0
          ]
        ]
      }
    },
    {
      "type": "Feature",
      "id": 1271659145,
      "properties": {
        "name": "trunk_link",
        "ref": "",
        "highway": "trunk_link",
        "bridge": "no",
        "tunnel": "no",
        "layer": "0",
        "lanes": "2",
        "maxspeed": "60",
        "oneway": "no"
      },
      "geometry": {
        "type": "LineString",
        "coordinates": [
          [
            73.3301206,
            18.7962365,
            0.0
          ],
          [
            73.3300561,
            18.7961492,
            0.0
          ]
        ]
      }
    },
    {
      "type": "Feature",
      "id": 1271662941,
      "properties": {
        "name": "motorway_link",
        "ref": "",
        "highway": "motorway_link",
        "bridge": "no",
        "tunnel": "no",
        "layer": "0",
        "lanes": "2",
        "maxspeed": "60",
        "oneway": "no"
      },
      "geometry": {
        "type": "LineString",
        "coordinates": [
          [
            73.4291856,
            18.7607712,
            0.0
          ],
          [
            73.4292283,
            18.7606642,
            0.0
          ]
        ]
      }
    },
    {
      "type": "Feature",
      "id": 1271708673,
      "properties": {
        "name": "motorway_link",
        "ref": "",
        "highway": "motorway_link",
        "bridge": "no",
        "tunnel": "no",
        "layer": "0",
        "lanes": "2",
        "maxspeed": "60",
        "oneway": "yes"
      },
      "geometry": {
        "type": "LineString",
        "coordinates": [
          [
            73.2975082,
            18.7916952,
            0.0
          ],
          [
            73.2970677,
            18.7916862,
            0.0
          ]
        ]
      }
    },
    {
      "type": "Feature",
      "id": 1271710266,
      "properties": {
        "name": "motorway_link",
        "ref": "",
        "highway": "motorway_link",
        "bridge": "no",
        "tunnel": "no",
        "layer": "0",
        "lanes": "2",
        "maxspeed": "60",
        "oneway": "no"
      },
      "geometry": {
        "type": "LineString",
        "coordinates": [
          [
            73.356992,
            18.7656406,
            0.0
          ],
          [
            73.357025,
            18.7655276,
            0.0
          ]
        ]
      }
    },
    {
      "type": "Feature",
      "id": 1285558939,
      "properties": {
        "name": "Mumbai - Pune Expressway",
        "ref": "MPE;NH48",
        "highway": "motorway",
        "bridge": "no",
        "tunnel": "no",
        "layer": "0",
        "lanes": "3",
        "maxspeed": "60",
        "oneway": "yes"
      },
      "geometry": {
        "type": "LineString",
        "coordinates": [
          [
            73.332943,
            18.7714064,
            0.0
          ],
          [
            73.3321149,
            18.7716961,
            0.0
          ],
          [
            73.3312949,
            18.7720126,
            0.0
          ],
          [
            73.3296927,
            18.7724993,
            0.0
          ],
          [
            73.3292902,
            18.772596,
            0.0
          ],
          [
            73.3291341,
            18.7726335,
            0.0
          ],
          [
            73.3287229,
            18.7726756,
            0.0
          ]
        ]
      }
    },
    {
      "type": "Feature",
      "id": 1285558940,
      "properties": {
        "name": "Mumbai - Pune Expressway",
        "ref": "MPE;NH48",
        "highway": "motorway",
        "bridge": "no",
        "tunnel": "yes",
        "layer": "-1",
        "lanes": "3",
        "maxspeed": "60",
        "oneway": "yes"
      },
      "geometry": {
        "type": "LineString",
        "coordinates": [
          [
            73.3349891,
            18.7706612,
            0.0
          ],
          [
            73.332943,
            18.7714064,
            0.0
          ]
        ]
      }
    },
    {
      "type": "Feature",
      "id": 1286169911,
      "properties": {
        "name": "trunk_link",
        "ref": "",
        "highway": "trunk_link",
        "bridge": "no",
        "tunnel": "no",
        "layer": "0",
        "lanes": "2",
        "maxspeed": "60",
        "oneway": "no"
      },
      "geometry": {
        "type": "LineString",
        "coordinates": [
          [
            73.3275015,
            18.798206,
            0.0
          ],
          [
            73.3275766,
            18.7982767,
            0.0
          ]
        ]
      }
    },
    {
      "type": "Feature",
      "id": 1286169912,
      "properties": {
        "name": "trunk_link",
        "ref": "",
        "highway": "trunk_link",
        "bridge": "no",
        "tunnel": "no",
        "layer": "0",
        "lanes": "2",
        "maxspeed": "60",
        "oneway": "no"
      },
      "geometry": {
        "type": "LineString",
        "coordinates": [
          [
            73.3271606,
            18.7985594,
            0.0
          ],
          [
            73.3272304,
            18.7986285,
            0.0
          ]
        ]
      }
    },
    {
      "type": "Feature",
      "id": 1286171010,
      "properties": {
        "name": "trunk_link",
        "ref": "",
        "highway": "trunk_link",
        "bridge": "no",
        "tunnel": "no",
        "layer": "0",
        "lanes": "2",
        "maxspeed": "60",
        "oneway": "no"
      },
      "geometry": {
        "type": "LineString",
        "coordinates": [
          [
            73.3401996,
            18.7881867,
            0.0
          ],
          [
            73.3402954,
            18.7882156,
            0.0
          ]
        ]
      }
    },
    {
      "type": "Feature",
      "id": 1286198515,
      "properties": {
        "name": "trunk_link",
        "ref": "",
        "highway": "trunk_link",
        "bridge": "no",
        "tunnel": "no",
        "layer": "0",
        "lanes": "2",
        "maxspeed": "60",
        "oneway": "no"
      },
      "geometry": {
        "type": "LineString",
        "coordinates": [
          [
            73.3018467,
            18.8191923,
            0.0
          ],
          [
            73.3017707,
            18.8191095,
            0.0
          ]
        ]
      }
    },
    {
      "type": "Feature",
      "id": 1286200429,
      "properties": {
        "name": "trunk_link",
        "ref": "",
        "highway": "trunk_link",
        "bridge": "no",
        "tunnel": "no",
        "layer": "0",
        "lanes": "2",
        "maxspeed": "60",
        "oneway": "no"
      },
      "geometry": {
        "type": "LineString",
        "coordinates": [
          [
            73.306118,
            18.8171804,
            0.0
          ],
          [
            73.3060861,
            18.8171265,
            0.0
          ]
        ]
      }
    },
    {
      "type": "Feature",
      "id": 1286200430,
      "properties": {
        "name": "trunk_link",
        "ref": "",
        "highway": "trunk_link",
        "bridge": "no",
        "tunnel": "no",
        "layer": "0",
        "lanes": "2",
        "maxspeed": "60",
        "oneway": "no"
      },
      "geometry": {
        "type": "LineString",
        "coordinates": [
          [
            73.3063721,
            18.8170746,
            0.0
          ],
          [
            73.3063507,
            18.8170137,
            0.0
          ]
        ]
      }
    },
    {
      "type": "Feature",
      "id": 1286200431,
      "properties": {
        "name": "trunk_link",
        "ref": "",
        "highway": "trunk_link",
        "bridge": "no",
        "tunnel": "no",
        "layer": "0",
        "lanes": "2",
        "maxspeed": "60",
        "oneway": "no"
      },
      "geometry": {
        "type": "LineString",
        "coordinates": [
          [
            73.306649,
            18.8169594,
            0.0
          ],
          [
            73.3066168,
            18.8169002,
            0.0
          ]
        ]
      }
    },
    {
      "type": "Feature",
      "id": 1286200432,
      "properties": {
        "name": "trunk_link",
        "ref": "",
        "highway": "trunk_link",
        "bridge": "no",
        "tunnel": "no",
        "layer": "0",
        "lanes": "2",
        "maxspeed": "60",
        "oneway": "no"
      },
      "geometry": {
        "type": "LineString",
        "coordinates": [
          [
            73.3070665,
            18.816774,
            0.0
          ],
          [
            73.3070336,
            18.8167103,
            0.0
          ]
        ]
      }
    },
    {
      "type": "Feature",
      "id": 1286200923,
      "properties": {
        "name": "trunk_link",
        "ref": "",
        "highway": "trunk_link",
        "bridge": "no",
        "tunnel": "no",
        "layer": "0",
        "lanes": "2",
        "maxspeed": "60",
        "oneway": "no"
      },
      "geometry": {
        "type": "LineString",
        "coordinates": [
          [
            73.3104677,
            18.8146743,
            0.0
          ],
          [
            73.3104119,
            18.8145924,
            0.0
          ]
        ]
      }
    },
    {
      "type": "Feature",
      "id": 1286212898,
      "properties": {
        "name": "NH548A",
        "ref": "NH548A",
        "highway": "trunk",
        "bridge": "no",
        "tunnel": "no",
        "layer": "0",
        "lanes": "2",
        "maxspeed": "60",
        "oneway": "no"
      },
      "geometry": {
        "type": "LineString",
        "coordinates": [
          [
            73.2856185,
            18.7719852,
            0.0
          ],
          [
            73.2855059,
            18.7715024,
            0.0
          ],
          [
            73.2853735,
            18.7709264,
            0.0
          ],
          [
            73.285051,
            18.7699421,
            0.0
          ],
          [
            73.2849247,
            18.7695914,
            0.0
          ],
          [
            73.2847958,
            18.7692335,
            0.0
          ],
          [
            73.2843574,
            18.7680167,
            0.0
          ],
          [
            73.2841669,
            18.7674878,
            0.0
          ],
          [
            73.2841098,
            18.7672601,
            0.0
          ],
          [
            73.2840928,
            18.7671811,
            0.0
          ],
          [
            73.2839236,
            18.766394,
            0.0
          ],
          [
            73.2838994,
            18.7662365,
            0.0
          ],
          [
            73.2839021,
            18.7660613,
            0.0
          ],
          [
            73.2841669,
            18.7645947,
            0.0
          ],
          [
            73.2843472,
            18.7620672,
            0.0
          ],
          [
            73.2843769,
            18.7612105,
            0.0
          ],
          [
            73.2843661,
            18.7609642,
            0.0
          ],
          [
            73.2843178,
            18.7607153,
            0.0
          ],
          [
            73.2841891,
            18.760342,
            0.0
          ],
          [
            73.2838665,
            18.7594668,
            0.0
          ],
          [
            73.2835937,
            18.7587267,
            0.0
          ],
          [
            73.283532,
            18.7584169,
            0.0
          ],
          [
            73.2835239,
            18.7579927,
            0.0
          ],
          [
            73.2835747,
            18.7576786,
            0.0
          ],
          [
            73.2836859,
            18.7571592,
            0.0
          ]
        ]
      }
    },
    {
      "type": "Feature",
      "id": 1286212899,
      "properties": {
        "name": "NH548A",
        "ref": "NH548A",
        "highway": "trunk",
        "bridge": "yes",
        "tunnel": "no",
        "layer": "1",
        "lanes": "2",
        "maxspeed": "60",
        "oneway": "no"
      },
      "geometry": {
        "type": "LineString",
        "coordinates": [
          [
            73.2856647,
            18.7721834,
            0.0
          ],
          [
            73.2856185,
            18.7719852,
            0.0
          ]
        ]
      }
    },
    {
      "type": "Feature",
      "id": 1289549638,
      "properties": {
        "name": "motorway_link",
        "ref": "",
        "highway": "motorway_link",
        "bridge": "no",
        "tunnel": "no",
        "layer": "0",
        "lanes": "2",
        "maxspeed": "40",
        "oneway": "yes"
      },
      "geometry": {
        "type": "LineString",
        "coordinates": [
          [
            73.2927487,
            18.793583,
            0.0
          ],
          [
            73.2930278,
            18.7936137,
            0.0
          ],
          [
            73.2935144,
            18.793469,
            0.0
          ],
          [
            73.2938925,
            18.7933624,
            0.0
          ],
          [
            73.2943,
            18.7932323,
            0.0
          ]
        ]
      }
    },
    {
      "type": "Feature",
      "id": 1289549639,
      "properties": {
        "name": "motorway_link",
        "ref": "",
        "highway": "motorway_link",
        "bridge": "yes",
        "tunnel": "no",
        "layer": "1",
        "lanes": "2",
        "maxspeed": "40",
        "oneway": "yes"
      },
      "geometry": {
        "type": "LineString",
        "coordinates": [
          [
            73.2943,
            18.7932323,
            0.0
          ],
          [
            73.294668,
            18.7931149,
            0.0
          ]
        ]
      }
    },
    {
      "type": "Feature",
      "id": 1289549640,
      "properties": {
        "name": "motorway_link",
        "ref": "",
        "highway": "motorway_link",
        "bridge": "no",
        "tunnel": "no",
        "layer": "0",
        "lanes": "2",
        "maxspeed": "60",
        "oneway": "yes"
      },
      "geometry": {
        "type": "LineString",
        "coordinates": [
          [
            73.2963369,
            18.7924048,
            0.0
          ],
          [
            73.2968079,
            18.7924689,
            0.0
          ]
        ]
      }
    },
    {
      "type": "Feature",
      "id": 1289793293,
      "properties": {
        "name": "NH166D",
        "ref": "NH166D",
        "highway": "trunk",
        "bridge": "no",
        "tunnel": "no",
        "layer": "0",
        "lanes": "2",
        "maxspeed": "60",
        "oneway": "yes"
      },
      "geometry": {
        "type": "LineString",
        "coordinates": [
          [
            73.2796057,
            18.7918666,
            0.0
          ],
          [
            73.2797015,
            18.7919651,
            0.0
          ],
          [
            73.2800785,
            18.7923468,
            0.0
          ],
          [
            73.2805241,
            18.7927015,
            0.0
          ]
        ]
      }
    },
    {
      "type": "Feature",
      "id": 1289793294,
      "properties": {
        "name": "NH166D;548A",
        "ref": "NH166D;548A",
        "highway": "trunk",
        "bridge": "no",
        "tunnel": "no",
        "layer": "0",
        "lanes": "2",
        "maxspeed": "60",
        "oneway": "yes"
      },
      "geometry": {
        "type": "LineString",
        "coordinates": [
          [
            73.2805241,
            18.7927015,
            0.0
          ],
          [
            73.2804127,
            18.7925082,
            0.0
          ],
          [
            73.2803245,
            18.7922679,
            0.0
          ],
          [
            73.2802569,
            18.7920839,
            0.0
          ],
          [
            73.2801559,
            18.7919595,
            0.0
          ],
          [
            73.2799847,
            18.7918887,
            0.0
          ],
          [
            73.2796057,
            18.7918666,
            0.0
          ]
        ]
      }
    },
    {
      "type": "Feature",
      "id": 1289793295,
      "properties": {
        "name": "NH166D;548A",
        "ref": "NH166D;548A",
        "highway": "trunk",
        "bridge": "no",
        "tunnel": "no",
        "layer": "0",
        "lanes": "2",
        "maxspeed": "60",
        "oneway": "no"
      },
      "geometry": {
        "type": "LineString",
        "coordinates": [
          [
            73.2796057,
            18.7918666,
            0.0
          ],
          [
            73.2795127,
            18.7918247,
            0.0
          ],
          [
            73.2793877,
            18.7917705,
            0.0
          ]
        ]
      }
    },
    {
      "type": "Feature",
      "id": 1289793296,
      "properties": {
        "name": "trunk_link",
        "ref": "",
        "highway": "trunk_link",
        "bridge": "no",
        "tunnel": "no",
        "layer": "0",
        "lanes": "2",
        "maxspeed": "60",
        "oneway": "no"
      },
      "geometry": {
        "type": "LineString",
        "coordinates": [
          [
            73.2804264,
            18.7930624,
            0.0
          ],
          [
            73.2804791,
            18.7929601,
            0.0
          ],
          [
            73.2805676,
            18.792889,
            0.0
          ],
          [
            73.2806992,
            18.7928339,
            0.0
          ]
        ]
      }
    },
    {
      "type": "Feature",
      "id": 1304799339,
      "properties": {
        "name": "trunk",
        "ref": "",
        "highway": "trunk",
        "bridge": "no",
        "tunnel": "no",
        "layer": "0",
        "lanes": "2",
        "maxspeed": "60",
        "oneway": "yes"
      },
      "geometry": {
        "type": "LineString",
        "coordinates": [
          [
            73.326605,
            18.7990815,
            0.0
          ],
          [
            73.3265022,
            18.799226,
            0.0
          ]
        ]
      }
    },
    {
      "type": "Feature",
      "id": 1304799340,
      "properties": {
        "name": "NH48",
        "ref": "NH48",
        "highway": "trunk",
        "bridge": "no",
        "tunnel": "no",
        "layer": "0",
        "lanes": "2",
        "maxspeed": "60",
        "oneway": "yes"
      },
      "geometry": {
        "type": "LineString",
        "coordinates": [
          [
            73.3265022,
            18.799226,
            0.0
          ],
          [
            73.3266622,
            18.7991445,
            0.0
          ]
        ]
      }
    },
    {
      "type": "Feature",
      "id": 1304819922,
      "properties": {
        "name": "NH48",
        "ref": "NH48",
        "highway": "trunk",
        "bridge": "no",
        "tunnel": "no",
        "layer": "0",
        "lanes": "2",
        "maxspeed": "60",
        "oneway": "yes"
      },
      "geometry": {
        "type": "LineString",
        "coordinates": [
          [
            73.3475399,
            18.7852998,
            0.0
          ],
          [
            73.3478035,
            18.7852783,
            0.0
          ],
          [
            73.3479733,
            18.7852353,
            0.0
          ]
        ]
      }
    },
    {
      "type": "Feature",
      "id": 1304819923,
      "properties": {
        "name": "trunk",
        "ref": "",
        "highway": "trunk",
        "bridge": "no",
        "tunnel": "no",
        "layer": "0",
        "lanes": "2",
        "maxspeed": "60",
        "oneway": "yes"
      },
      "geometry": {
        "type": "LineString",
        "coordinates": [
          [
            73.3479733,
            18.7852353,
            0.0
          ],
          [
            73.3477982,
            18.7851939,
            0.0
          ],
          [
            73.3476369,
            18.785209,
            0.0
          ],
          [
            73.3474976,
            18.7852202,
            0.0
          ]
        ]
      }
    },
    {
      "type": "Feature",
      "id": 1304819924,
      "properties": {
        "name": "NH48",
        "ref": "NH48",
        "highway": "trunk",
        "bridge": "no",
        "tunnel": "no",
        "layer": "0",
        "lanes": "2",
        "maxspeed": "60",
        "oneway": "no"
      },
      "geometry": {
        "type": "LineString",
        "coordinates": [
          [
            73.3481174,
            18.7852176,
            0.0
          ],
          [
            73.3484374,
            18.7851297,
            0.0
          ],
          [
            73.348794,
            18.785097,
            0.0
          ],
          [
            73.3489273,
            18.7850888,
            0.0
          ],
          [
            73.349,
            18.7850756,
            0.0
          ],
          [
            73.3490872,
            18.7850232,
            0.0
          ],
          [
            73.349142,
            18.784976,
            0.0
          ],
          [
            73.3492185,
            18.7848792,
            0.0
          ],
          [
            73.3495507,
            18.7843015,
            0.0
          ],
          [
            73.3497222,
            18.7840646,
            0.0
          ],
          [
            73.3500326,
            18.7837136,
            0.0
          ],
          [
            73.3502412,
            18.7834181,
            0.0
          ],
          [
            73.35051,
            18.7829842,
            0.0
          ],
          [
            73.3506289,
            18.7828668,
            0.0
          ],
          [
            73.3508041,
            18.7827462,
            0.0
          ],
          [
            73.3509198,
            18.7826163,
            0.0
          ]
        ]
      }
    },
    {
      "type": "Feature",
      "id": 1305165503,
      "properties": {
        "name": "NH48",
        "ref": "NH48",
        "highway": "trunk",
        "bridge": "no",
        "tunnel": "no",
        "layer": "0",
        "lanes": "2",
        "maxspeed": "60",
        "oneway": "yes"
      },
      "geometry": {
        "type": "LineString",
        "coordinates": [
          [
            73.4043777,
            18.7540095,
            0.0
          ],
          [
            73.4048792,
            18.7540208,
            0.0
          ],
          [
            73.4052001,
            18.7540706,
            0.0
          ],
          [
            73.4057933,
            18.7541977,
            0.0
          ],
          [
            73.4058746,
            18.7542153,
            0.0
          ],
          [
            73.4060745,
            18.7542474,
            0.0
          ],
          [
            73.4066282,
            18.7544899,
            0.0
          ],
          [
            73.4079961,
            18.7551761,
            0.0
          ],
          [
            73.4084802,
            18.7554133,
            0.0
          ],
          [
            73.4086368,
            18.75549,
            0.0
          ],
          [
            73.4090755,
            18.7557046,
            0.0
          ],
          [
            73.4101753,
            18.7562428,
            0.0
          ],
          [
            73.4115151,
            18.7568984,
            0.0
          ],
          [
            73.4116887,
            18.7569833,
            0.0
          ]
        ]
      }
    },
    {
      "type": "Feature",
      "id": 1305165504,
      "properties": {
        "name": "NH48",
        "ref": "NH48",
        "highway": "trunk",
        "bridge": "no",
        "tunnel": "no",
        "layer": "0",
        "lanes": "2",
        "maxspeed": "60",
        "oneway": "yes"
      },
      "geometry": {
        "type": "LineString",
        "coordinates": [
          [
            73.4042926,
            18.7540156,
            0.0
          ],
          [
            73.4043777,
            18.7540095,
            0.0
          ]
        ]
      }
    },
    {
      "type": "Feature",
      "id": 1305605518,
      "properties": {
        "name": "Mumbai - Pune Expressway",
        "ref": "MPE;NH48",
        "highway": "motorway",
        "bridge": "no",
        "tunnel": "no",
        "layer": "0",
        "lanes": "3",
        "maxspeed": "60",
        "oneway": "yes"
      },
      "geometry": {
        "type": "LineString",
        "coordinates": [
          [
            73.3394363,
            18.7682065,
            0.0
          ],
          [
            73.3390424,
            18.7684491,
            0.0
          ],
          [
            73.3386221,
            18.768879,
            0.0
          ],
          [
            73.3382148,
            18.7692534,
            0.0
          ],
          [
            73.3377618,
            18.7696108,
            0.0
          ],
          [
            73.3372452,
            18.7698741,
            0.0
          ],
          [
            73.3367127,
            18.7700717,
            0.0
          ],
          [
            73.3361077,
            18.7702747,
            0.0
          ],
          [
            73.3349891,
            18.7706612,
            0.0
          ]
        ]
      }
    },
    {
      "type": "Feature",
      "id": 1305688627,
      "properties": {
        "name": "NH48",
        "ref": "NH48",
        "highway": "trunk",
        "bridge": "no",
        "tunnel": "no",
        "layer": "0",
        "lanes": "2",
        "maxspeed": "60",
        "oneway": "yes"
      },
      "geometry": {
        "type": "LineString",
        "coordinates": [
          [
            73.3134518,
            18.8110841,
            0.0
          ],
          [
            73.3131835,
            18.8112966,
            0.0
          ],
          [
            73.3129838,
            18.8114636,
            0.0
          ]
        ]
      }
    },
    {
      "type": "Feature",
      "id": 1305688629,
      "properties": {
        "name": "NH48",
        "ref": "NH48",
        "highway": "trunk",
        "bridge": "no",
        "tunnel": "no",
        "layer": "0",
        "lanes": "2",
        "maxspeed": "60",
        "oneway": "yes"
      },
      "geometry": {
        "type": "LineString",
        "coordinates": [
          [
            73.3124131,
            18.812332,
            0.0
          ],
          [
            73.3127664,
            18.8118684,
            0.0
          ],
          [
            73.312942,
            18.8116439,
            0.0
          ],
          [
            73.3130528,
            18.8115391,
            0.0
          ],
          [
            73.3131023,
            18.8114922,
            0.0
          ],
          [
            73.3135211,
            18.8111619,
            0.0
          ]
        ]
      }
    },
    {
      "type": "Feature",
      "id": 1306725023,
      "properties": {
        "name": "Old NH4",
        "ref": "NH48",
        "highway": "trunk",
        "bridge": "no",
        "tunnel": "no",
        "layer": "0",
        "lanes": "2",
        "maxspeed": "60",
        "oneway": "yes"
      },
      "geometry": {
        "type": "LineString",
        "coordinates": [
          [
            73.3530578,
            18.7645552,
            0.0
          ],
          [
            73.3530421,
            18.7645143,
            0.0
          ],
          [
            73.3530221,
            18.764475,
            0.0
          ],
          [
            73.3530056,
            18.7644367,
            0.0
          ],
          [
            73.3529847,
            18.7643951,
            0.0
          ],
          [
            73.3529583,
            18.7643377,
            0.0
          ],
          [
            73.3528944,
            18.7642585,
            0.0
          ],
          [
            73.3527857,
            18.7641836,
            0.0
          ],
          [
            73.35266,
            18.76414,
            0.0
          ],
          [
            73.3525776,
            18.7641231,
            0.0
          ],
          [
            73.3524564,
            18.7641373,
            0.0
          ],
          [
            73.3523587,
            18.7641746,
            0.0
          ],
          [
            73.3522305,
            18.7642442,
            0.0
          ],
          [
            73.3521225,
            18.7642818,
            0.0
          ],
          [
            73.3519673,
            18.764321,
            0.0
          ],
          [
            73.3518459,
            18.7643721,
            0.0
          ]
        ]
      }
    },
    {
      "type": "Feature",
      "id": 1320762526,
      "properties": {
        "name": "NH48",
        "ref": "NH48",
        "highway": "trunk",
        "bridge": "no",
        "tunnel": "no",
        "layer": "0",
        "lanes": "2",
        "maxspeed": "60",
        "oneway": "yes"
      },
      "geometry": {
        "type": "LineString",
        "coordinates": [
          [
            73.4397208,
            18.7601276,
            0.0
          ],
          [
            73.4396295,
            18.7601155,
            0.0
          ]
        ]
      }
    },
    {
      "type": "Feature",
      "id": 1320762527,
      "properties": {
        "name": "NH48",
        "ref": "NH48",
        "highway": "trunk",
        "bridge": "no",
        "tunnel": "no",
        "layer": "0",
        "lanes": "2",
        "maxspeed": "60",
        "oneway": "yes"
      },
      "geometry": {
        "type": "LineString",
        "coordinates": [
          [
            73.4397799,
            18.7601352,
            0.0
          ],
          [
            73.4397208,
            18.7601276,
            0.0
          ]
        ]
      }
    },
    {
      "type": "Feature",
      "id": 1320762528,
      "properties": {
        "name": "NH48",
        "ref": "NH48",
        "highway": "trunk",
        "bridge": "no",
        "tunnel": "no",
        "layer": "0",
        "lanes": "2",
        "maxspeed": "60",
        "oneway": "yes"
      },
      "geometry": {
        "type": "LineString",
        "coordinates": [
          [
            73.439718,
            18.760229,
            0.0
          ],
          [
            73.4397619,
            18.7602343,
            0.0
          ]
        ]
      }
    },
    {
      "type": "Feature",
      "id": 1320762529,
      "properties": {
        "name": "NH48",
        "ref": "NH48",
        "highway": "trunk",
        "bridge": "no",
        "tunnel": "no",
        "layer": "0",
        "lanes": "2",
        "maxspeed": "60",
        "oneway": "yes"
      },
      "geometry": {
        "type": "LineString",
        "coordinates": [
          [
            73.4396117,
            18.7602141,
            0.0
          ],
          [
            73.439718,
            18.760229,
            0.0
          ]
        ]
      }
    },
    {
      "type": "Feature",
      "id": 1327546653,
      "properties": {
        "name": "motorway_link",
        "ref": "",
        "highway": "motorway_link",
        "bridge": "no",
        "tunnel": "no",
        "layer": "0",
        "lanes": "2",
        "maxspeed": "60",
        "oneway": "yes"
      },
      "geometry": {
        "type": "LineString",
        "coordinates": [
          [
            73.3287107,
            18.7731919,
            0.0
          ],
          [
            73.3294067,
            18.7731242,
            0.0
          ],
          [
            73.3303174,
            18.7728902,
            0.0
          ],
          [
            73.3325824,
            18.7721927,
            0.0
          ],
          [
            73.3335931,
            18.7716607,
            0.0
          ]
        ]
      }
    },
    {
      "type": "Feature",
      "id": 1327546654,
      "properties": {
        "name": "motorway_link",
        "ref": "",
        "highway": "motorway_link",
        "bridge": "no",
        "tunnel": "no",
        "layer": "0",
        "lanes": "2",
        "maxspeed": "60",
        "oneway": "yes"
      },
      "geometry": {
        "type": "LineString",
        "coordinates": [
          [
            73.3256389,
            18.7723556,
            0.0
          ],
          [
            73.3265641,
            18.7728286,
            0.0
          ],
          [
            73.3273028,
            18.7730022,
            0.0
          ]
        ]
      }
    },
    {
      "type": "Feature",
      "id": 1327546655,
      "properties": {
        "name": "motorway_link",
        "ref": "",
        "highway": "motorway_link",
        "bridge": "yes",
        "tunnel": "no",
        "layer": "1",
        "lanes": "2",
        "maxspeed": "60",
        "oneway": "yes"
      },
      "geometry": {
        "type": "LineString",
        "coordinates": [
          [
            73.3273028,
            18.7730022,
            0.0
          ],
          [
            73.3280264,
            18.7731374,
            0.0
          ],
          [
            73.3287107,
            18.7731919,
            0.0
          ]
        ]
      }
    },
    {
      "type": "Feature",
      "id": 1327546656,
      "properties": {
        "name": "Mumbai - Pune Expressway",
        "ref": "MPE;NH48",
        "highway": "motorway",
        "bridge": "no",
        "tunnel": "no",
        "layer": "0",
        "lanes": "3",
        "maxspeed": "60",
        "oneway": "yes"
      },
      "geometry": {
        "type": "LineString",
        "coordinates": [
          [
            73.3274383,
            18.7725288,
            0.0
          ],
          [
            73.3273649,
            18.7725158,
            0.0
          ],
          [
            73.3267539,
            18.772377,
            0.0
          ],
          [
            73.3264885,
            18.7723399,
            0.0
          ],
          [
            73.3261625,
            18.7723274,
            0.0
          ]
        ]
      }
    },
    {
      "type": "Feature",
      "id": 1327546657,
      "properties": {
        "name": "Mumbai - Pune Expressway",
        "ref": "MPE;NH48",
        "highway": "motorway",
        "bridge": "yes",
        "tunnel": "no",
        "layer": "1",
        "lanes": "3",
        "maxspeed": "60",
        "oneway": "yes"
      },
      "geometry": {
        "type": "LineString",
        "coordinates": [
          [
            73.3287229,
            18.7726756,
            0.0
          ],
          [
            73.3281707,
            18.7726397,
            0.0
          ],
          [
            73.3277459,
            18.7725787,
            0.0
          ],
          [
            73.3274383,
            18.7725288,
            0.0
          ]
        ]
      }
    },
    {
      "type": "Feature",
      "id": 1336460905,
      "properties": {
        "name": "NH566D",
        "ref": "NH566D",
        "highway": "trunk",
        "bridge": "no",
        "tunnel": "no",
        "layer": "0",
        "lanes": "2",
        "maxspeed": "60",
        "oneway": "yes"
      },
      "geometry": {
        "type": "LineString",
        "coordinates": [
          [
            73.2905644,
            18.7948035,
            0.0
          ],
          [
            73.29158,
            18.795,
            0.0
          ],
          [
            73.29177,
            18.79505,
            0.0
          ],
          [
            73.29196,
            18.79513,
            0.0
          ]
        ]
      }
    },
    {
      "type": "Feature",
      "id": 1336460906,
      "properties": {
        "name": "NH566D",
        "ref": "NH566D",
        "highway": "trunk",
        "bridge": "no",
        "tunnel": "no",
        "layer": "0",
        "lanes": "2",
        "maxspeed": "60",
        "oneway": "no"
      },
      "geometry": {
        "type": "LineString",
        "coordinates": [
          [
            73.2925811,
            18.7959161,
            0.0
          ],
          [
            73.292603,
            18.7960138,
            0.0
          ]
        ]
      }
    },
    {
      "type": "Feature",
      "id": 1336460907,
      "properties": {
        "name": "Mumbai - Pune Expressway",
        "ref": "",
        "highway": "motorway_link",
        "bridge": "no",
        "tunnel": "no",
        "layer": "0",
        "lanes": "2",
        "maxspeed": "60",
        "oneway": "yes"
      },
      "geometry": {
        "type": "LineString",
        "coordinates": [
          [
            73.29243,
            18.7959504,
            0.0
          ],
          [
            73.2924585,
            18.7959883,
            0.0
          ],
          [
            73.2924931,
            18.7960144,
            0.0
          ],
          [
            73.2925451,
            18.7960221,
            0.0
          ],
          [
            73.292603,
            18.7960138,
            0.0
          ]
        ]
      }
    },
    {
      "type": "Feature",
      "id": 1342375001,
      "properties": {
        "name": "trunk",
        "ref": "",
        "highway": "trunk",
        "bridge": "yes",
        "tunnel": "no",
        "layer": "1",
        "lanes": "2",
        "maxspeed": "60",
        "oneway": "yes"
      },
      "geometry": {
        "type": "LineString",
        "coordinates": [
          [
            73.2918763,
            18.7950297,
            0.0
          ],
          [
            73.2914916,
            18.7948833,
            0.0
          ],
          [
            73.2911201,
            18.7947948,
            0.0
          ],
          [
            73.2906243,
            18.7947033,
            0.0
          ],
          [
            73.2898527,
            18.7945783,
            0.0
          ],
          [
            73.2893665,
            18.7944909,
            0.0
          ],
          [
            73.2892641,
            18.7944725,
            0.0
          ],
          [
            73.2889002,
            18.7943507,
            0.0
          ],
          [
            73.2884724,
            18.7941162,
            0.0
          ],
          [
            73.2881669,
            18.7939444,
            0.0
          ],
          [
            73.287386,
            18.7937064,
            0.0
          ]
        ]
      }
    },
    {
      "type": "Feature",
      "id": 1342375002,
      "properties": {
        "name": "trunk",
        "ref": "",
        "highway": "trunk",
        "bridge": "no",
        "tunnel": "no",
        "layer": "0",
        "lanes": "2",
        "maxspeed": "60",
        "oneway": "yes"
      },
      "geometry": {
        "type": "LineString",
        "coordinates": [
          [
            73.287386,
            18.7937064,
            0.0
          ],
          [
            73.2871032,
            18.7936244,
            0.0
          ],
          [
            73.2869054,
            18.7936096,
            0.0
          ]
        ]
      }
    },
    {
      "type": "Feature",
      "id": 1342375003,
      "properties": {
        "name": "trunk",
        "ref": "",
        "highway": "trunk",
        "bridge": "no",
        "tunnel": "no",
        "layer": "0",
        "lanes": "2",
        "maxspeed": "60",
        "oneway": "yes"
      },
      "geometry": {
        "type": "LineString",
        "coordinates": [
          [
            73.29196,
            18.79513,
            0.0
          ],
          [
            73.2918763,
            18.7950297,
            0.0
          ]
        ]
      }
    },
    {
      "type": "Feature",
      "id": 1342375004,
      "properties": {
        "name": "NH566D",
        "ref": "NH566D",
        "highway": "trunk",
        "bridge": "no",
        "tunnel": "no",
        "layer": "0",
        "lanes": "2",
        "maxspeed": "60",
        "oneway": "no"
      },
      "geometry": {
        "type": "LineString",
        "coordinates": [
          [
            73.29196,
            18.79513,
            0.0
          ],
          [
            73.29229,
            18.79537,
            0.0
          ],
          [
            73.29245,
            18.79556,
            0.0
          ],
          [
            73.2925811,
            18.7959161,
            0.0
          ]
        ]
      }
    },
    {
      "type": "Feature",
      "id": 1342375005,
      "properties": {
        "name": "trunk_link",
        "ref": "",
        "highway": "trunk_link",
        "bridge": "yes",
        "tunnel": "no",
        "layer": "1",
        "lanes": "2",
        "maxspeed": "60",
        "oneway": "yes"
      },
      "geometry": {
        "type": "LineString",
        "coordinates": [
          [
            73.2893665,
            18.7944909,
            0.0
          ],
          [
            73.2893139,
            18.7944435,
            0.0
          ],
          [
            73.2892218,
            18.7944007,
            0.0
          ],
          [
            73.2888977,
            18.7942958,
            0.0
          ],
          [
            73.2885092,
            18.7940838,
            0.0
          ]
        ]
      }
    },
    {
      "type": "Feature",
      "id": 1342375006,
      "properties": {
        "name": "trunk_link",
        "ref": "",
        "highway": "trunk_link",
        "bridge": "no",
        "tunnel": "no",
        "layer": "0",
        "lanes": "2",
        "maxspeed": "60",
        "oneway": "yes"
      },
      "geometry": {
        "type": "LineString",
        "coordinates": [
          [
            73.2885092,
            18.7940838,
            0.0
          ],
          [
            73.2884276,
            18.794024,
            0.0
          ],
          [
            73.2883706,
            18.7939822,
            0.0
          ]
        ]
      }
    },
    {
      "type": "Feature",
      "id": 1342375007,
      "properties": {
        "name": "NH166D;548A",
        "ref": "NH166D;548A",
        "highway": "trunk",
        "bridge": "no",
        "tunnel": "no",
        "layer": "0",
        "lanes": "2",
        "maxspeed": "60",
        "oneway": "yes"
      },
      "geometry": {
        "type": "LineString",
        "coordinates": [
          [
            73.2869054,
            18.7936096,
            0.0
          ],
          [
            73.2870716,
            18.7937145,
            0.0
          ],
          [
            73.2874734,
            18.7938576,
            0.0
          ],
          [
            73.2879783,
            18.7940375,
            0.0
          ],
          [
            73.2882811,
            18.7941618,
            0.0
          ]
        ]
      }
    },
    {
      "type": "Feature",
      "id": 1352783125,
      "properties": {
        "name": "Mumbai - Pune Expressway",
        "ref": "MPE",
        "highway": "motorway",
        "bridge": "no",
        "tunnel": "no",
        "layer": "0",
        "lanes": "3",
        "maxspeed": "100",
        "oneway": "yes"
      },
      "geometry": {
        "type": "LineString",
        "coordinates": [
          [
            73.4441273,
            18.733267,
            0.0
          ],
          [
            73.4431665,
            18.7332564,
            0.0
          ],
          [
            73.4419794,
            18.7334643,
            0.0
          ],
          [
            73.4406053,
            18.7339802,
            0.0
          ],
          [
            73.4395901,
            18.7342859,
            0.0
          ],
          [
            73.4388653,
            18.7344961,
            0.0
          ],
          [
            73.4380766,
            18.7346732,
            0.0
          ],
          [
            73.4372038,
            18.7347042,
            0.0
          ],
          [
            73.4363156,
            18.7346944,
            0.0
          ],
          [
            73.435743,
            18.7347348,
            0.0
          ],
          [
            73.4350428,
            18.7351053,
            0.0
          ]
        ]
      }
    },
    {
      "type": "Feature",
      "id": 1355105688,
      "properties": {
        "name": "primary",
        "ref": "",
        "highway": "primary",
        "bridge": "no",
        "tunnel": "no",
        "layer": "0",
        "lanes": "2",
        "maxspeed": "60",
        "oneway": "no"
      },
      "geometry": {
        "type": "LineString",
        "coordinates": [
          [
            73.2855663,
            18.8104733,
            0.0
          ],
          [
            73.2856079,
            18.8104243,
            0.0
          ]
        ]
      }
    },
    {
      "type": "Feature",
      "id": 1365887383,
      "properties": {
        "name": "motorway_link",
        "ref": "",
        "highway": "motorway_link",
        "bridge": "no",
        "tunnel": "no",
        "layer": "0",
        "lanes": "2",
        "maxspeed": "60",
        "oneway": "yes"
      },
      "geometry": {
        "type": "LineString",
        "coordinates": [
          [
            73.2860821,
            18.800601,
            0.0
          ],
          [
            73.2861436,
            18.800417,
            0.0
          ],
          [
            73.2861745,
            18.8002457,
            0.0
          ],
          [
            73.2862048,
            18.8000621,
            0.0
          ],
          [
            73.2862074,
            18.7999259,
            0.0
          ]
        ]
      }
    },
    {
      "type": "Feature",
      "id": 1365887384,
      "properties": {
        "name": "motorway_link",
        "ref": "",
        "highway": "motorway_link",
        "bridge": "no",
        "tunnel": "no",
        "layer": "0",
        "lanes": "2",
        "maxspeed": "60",
        "oneway": "yes"
      },
      "geometry": {
        "type": "LineString",
        "coordinates": [
          [
            73.2843031,
            18.8029609,
            0.0
          ],
          [
            73.2844828,
            18.8028426,
            0.0
          ],
          [
            73.2845923,
            18.8027152,
            0.0
          ],
          [
            73.2847601,
            18.8024912,
            0.0
          ],
          [
            73.2849228,
            18.8023019,
            0.0
          ],
          [
            73.2850627,
            18.8021986,
            0.0
          ],
          [
            73.2851795,
            18.8021213,
            0.0
          ]
        ]
      }
    },
    {
      "type": "Feature",
      "id": 1390532087,
      "properties": {
        "name": "Mumbai - Pune Expressway",
        "ref": "MPE",
        "highway": "motorway",
        "bridge": "no",
        "tunnel": "no",
        "layer": "0",
        "lanes": "3",
        "maxspeed": "100",
        "oneway": "yes"
      },
      "geometry": {
        "type": "LineString",
        "coordinates": [
          [
            73.4322004,
            18.7350596,
            0.0
          ],
          [
            73.4319862,
            18.7350941,
            0.0
          ],
          [
            73.4315025,
            18.7352236,
            0.0
          ],
          [
            73.431172,
            18.73535,
            0.0
          ],
          [
            73.4307423,
            18.7355521,
            0.0
          ],
          [
            73.4304848,
            18.7357232,
            0.0
          ],
          [
            73.430208,
            18.7359401,
            0.0
          ],
          [
            73.4298565,
            18.736271,
            0.0
          ],
          [
            73.4295587,
            18.7366559,
            0.0
          ],
          [
            73.4293252,
            18.7370582,
            0.0
          ],
          [
            73.4291369,
            18.7374908,
            0.0
          ],
          [
            73.4290271,
            18.7378748,
            0.0
          ],
          [
            73.4289526,
            18.7382821,
            0.0
          ],
          [
            73.4289262,
            18.7387465,
            0.0
          ],
          [
            73.4289727,
            18.7392111,
            0.0
          ],
          [
            73.4290634,
            18.7396677,
            0.0
          ],
          [
            73.4294254,
            18.7414354,
            0.0
          ],
          [
            73.4299206,
            18.7438533,
            0.0
          ],
          [
            73.4299728,
            18.7441084,
            0.0
          ]
        ]
      }
    },
    {
      "type": "Feature",
      "id": 1390532088,
      "properties": {
        "name": "Mumbai - Pune Expressway",
        "ref": "MPE",
        "highway": "motorway",
        "bridge": "no",
        "tunnel": "no",
        "layer": "0",
        "lanes": "3",
        "maxspeed": "60",
        "oneway": "yes"
      },
      "geometry": {
        "type": "LineString",
        "coordinates": [
          [
            73.3683262,
            18.7680744,
            0.0
          ],
          [
            73.3680959,
            18.7685282,
            0.0
          ],
          [
            73.3677995,
            18.7690994,
            0.0
          ]
        ]
      }
    },
    {
      "type": "Feature",
      "id": 1390532089,
      "properties": {
        "name": "Mumbai - Pune Expressway",
        "ref": "MPE",
        "highway": "motorway",
        "bridge": "no",
        "tunnel": "no",
        "layer": "0",
        "lanes": "3",
        "maxspeed": "60",
        "oneway": "yes"
      },
      "geometry": {
        "type": "LineString",
        "coordinates": [
          [
            73.3144197,
            18.780408,
            0.0
          ],
          [
            73.3141724,
            18.7806806,
            0.0
          ],
          [
            73.3138555,
            18.781095,
            0.0
          ],
          [
            73.3136152,
            18.7814491,
            0.0
          ],
          [
            73.3119921,
            18.7844843,
            0.0
          ],
          [
            73.3117858,
            18.7848329,
            0.0
          ],
          [
            73.3115966,
            18.7851193,
            0.0
          ]
        ]
      }
    },
    {
      "type": "Feature",
      "id": 1390532090,
      "properties": {
        "name": "Mumbai - Pune Expressway",
        "ref": "MPE",
        "highway": "motorway",
        "bridge": "no",
        "tunnel": "no",
        "layer": "0",
        "lanes": "3",
        "maxspeed": "60",
        "oneway": "yes"
      },
      "geometry": {
        "type": "LineString",
        "coordinates": [
          [
            73.311756,
            18.7852169,
            0.0
          ],
          [
            73.3119491,
            18.7849245,
            0.0
          ],
          [
            73.3121596,
            18.7845688,
            0.0
          ],
          [
            73.3137801,
            18.7815385,
            0.0
          ],
          [
            73.3140123,
            18.7811962,
            0.0
          ],
          [
            73.3143214,
            18.780792,
            0.0
          ],
          [
            73.3146573,
            18.7804218,
            0.0
          ],
          [
            73.3146912,
            18.7803901,
            0.0
          ]
        ]
      }
    },
    {
      "type": "Feature",
      "id": 1390532091,
      "properties": {
        "name": "Mumbai - Pune Expressway",
        "ref": "MPE",
        "highway": "motorway",
        "bridge": "no",
        "tunnel": "no",
        "layer": "0",
        "lanes": "3",
        "maxspeed": "30",
        "oneway": "yes"
      },
      "geometry": {
        "type": "LineString",
        "coordinates": [
          [
            73.2860473,
            18.7996882,
            0.0
          ],
          [
            73.2852158,
            18.8009731,
            0.0
          ]
        ]
      }
    },
    {
      "type": "Feature",
      "id": 1464135876,
      "properties": {
        "name": "Mumbai - Pune Expressway",
        "ref": "MPE",
        "highway": "motorway",
        "bridge": "no",
        "tunnel": "no",
        "layer": "0",
        "lanes": "3",
        "maxspeed": "100",
        "oneway": "yes"
      },
      "geometry": {
        "type": "LineString",
        "coordinates": [
          [
            73.2950179,
            18.7926107,
            0.0
          ],
          [
            73.2945626,
            18.7927674,
            0.0
          ]
        ]
      }
    },
    {
      "type": "Feature",
      "id": 1464135877,
      "properties": {
        "name": "Mumbai - Pune Expressway",
        "ref": "MPE",
        "highway": "motorway",
        "bridge": "no",
        "tunnel": "no",
        "layer": "0",
        "lanes": "3",
        "maxspeed": "100",
        "oneway": "yes"
      },
      "geometry": {
        "type": "LineString",
        "coordinates": [
          [
            73.3020194,
            18.7902005,
            0.0
          ],
          [
            73.2975082,
            18.7916952,
            0.0
          ],
          [
            73.2950179,
            18.7926107,
            0.0
          ]
        ]
      }
    },
    {
      "type": "Feature",
      "id": 1464135878,
      "properties": {
        "name": "Mumbai - Pune Expressway Missing Link",
        "ref": "MPE",
        "highway": "motorway",
        "bridge": "no",
        "tunnel": "no",
        "layer": "0",
        "lanes": "3",
        "maxspeed": "60",
        "oneway": "yes"
      },
      "geometry": {
        "type": "LineString",
        "coordinates": [
          [
            73.3272968,
            18.7726409,
            0.0
          ],
          [
            73.3261625,
            18.7723274,
            0.0
          ]
        ]
      }
    },
    {
      "type": "Feature",
      "id": 1480866180,
      "properties": {
        "name": "Mumbai - Pune Expressway",
        "ref": "MPE",
        "highway": "motorway",
        "bridge": "no",
        "tunnel": "no",
        "layer": "0",
        "lanes": "3",
        "maxspeed": "60",
        "oneway": "yes"
      },
      "geometry": {
        "type": "LineString",
        "coordinates": [
          [
            73.3115966,
            18.7851193,
            0.0
          ],
          [
            73.3113482,
            18.7854717,
            0.0
          ],
          [
            73.3110743,
            18.7858188,
            0.0
          ],
          [
            73.3107867,
            18.7861379,
            0.0
          ],
          [
            73.3105403,
            18.7863996,
            0.0
          ],
          [
            73.3103507,
            18.7865712,
            0.0
          ],
          [
            73.3102125,
            18.7866964,
            0.0
          ],
          [
            73.3096662,
            18.7871393,
            0.0
          ]
        ]
      }
    },
    {
      "type": "Feature",
      "id": 1480866181,
      "properties": {
        "name": "Mumbai - Pune Expressway",
        "ref": "MPE",
        "highway": "motorway",
        "bridge": "no",
        "tunnel": "no",
        "layer": "0",
        "lanes": "3",
        "maxspeed": "60",
        "oneway": "yes"
      },
      "geometry": {
        "type": "LineString",
        "coordinates": [
          [
            73.3097828,
            18.7872813,
            0.0
          ],
          [
            73.3103398,
            18.7868296,
            0.0
          ],
          [
            73.3106769,
            18.7865245,
            0.0
          ],
          [
            73.3109298,
            18.786256,
            0.0
          ],
          [
            73.3112226,
            18.785931,
            0.0
          ],
          [
            73.3115032,
            18.7855754,
            0.0
          ],
          [
            73.311756,
            18.7852169,
            0.0
          ]
        ]
      }
    },
    {
      "type": "Feature",
      "id": 1480866182,
      "properties": {
        "name": "Mumbai - Pune Expressway",
        "ref": "MPE",
        "highway": "motorway",
        "bridge": "no",
        "tunnel": "no",
        "layer": "0",
        "lanes": "3",
        "maxspeed": "60",
        "oneway": "yes"
      },
      "geometry": {
        "type": "LineString",
        "coordinates": [
          [
            73.3866842,
            18.7638278,
            0.0
          ],
          [
            73.3870927,
            18.7642505,
            0.0
          ],
          [
            73.3874027,
            18.7646267,
            0.0
          ],
          [
            73.3875736,
            18.7648733,
            0.0
          ],
          [
            73.3877107,
            18.765124,
            0.0
          ],
          [
            73.3881113,
            18.7659284,
            0.0
          ],
          [
            73.3883917,
            18.7664915,
            0.0
          ],
          [
            73.3884539,
            18.7666164,
            0.0
          ],
          [
            73.3886032,
            18.7668598,
            0.0
          ],
          [
            73.3887919,
            18.7671197,
            0.0
          ],
          [
            73.3890209,
            18.7673676,
            0.0
          ],
          [
            73.3892635,
            18.7676135,
            0.0
          ]
        ]
      }
    },
    {
      "type": "Feature",
      "id": 1480866183,
      "properties": {
        "name": "Mumbai - Pune Expressway",
        "ref": "MPE",
        "highway": "motorway",
        "bridge": "no",
        "tunnel": "no",
        "layer": "0",
        "lanes": "3",
        "maxspeed": "60",
        "oneway": "yes"
      },
      "geometry": {
        "type": "LineString",
        "coordinates": [
          [
            73.3893807,
            18.7674954,
            0.0
          ],
          [
            73.3891476,
            18.7672592,
            0.0
          ],
          [
            73.388927,
            18.7670204,
            0.0
          ],
          [
            73.3887476,
            18.7667732,
            0.0
          ],
          [
            73.3886052,
            18.7665412,
            0.0
          ],
          [
            73.388255,
            18.7658379,
            0.0
          ],
          [
            73.3878638,
            18.7650524,
            0.0
          ],
          [
            73.3877846,
            18.7649075,
            0.0
          ],
          [
            73.3877212,
            18.7647915,
            0.0
          ],
          [
            73.3875454,
            18.764538,
            0.0
          ],
          [
            73.3871836,
            18.7641717,
            0.0
          ],
          [
            73.3867752,
            18.7637489,
            0.0
          ]
        ]
      }
    },
    {
      "type": "Feature",
      "id": 1490976899,
      "properties": {
        "name": "Mumbai - Pune Expressway",
        "ref": "MPE",
        "highway": "motorway",
        "bridge": "no",
        "tunnel": "no",
        "layer": "0",
        "lanes": "3",
        "maxspeed": "100",
        "oneway": "yes"
      },
      "geometry": {
        "type": "LineString",
        "coordinates": [
          [
            73.4322765,
            18.7352296,
            0.0
          ],
          [
            73.4323945,
            18.7352106,
            0.0
          ],
          [
            73.4328953,
            18.7351853,
            0.0
          ],
          [
            73.4332304,
            18.7351986,
            0.0
          ],
          [
            73.4342737,
            18.7353231,
            0.0
          ],
          [
            73.4356164,
            18.7354732,
            0.0
          ],
          [
            73.4363612,
            18.735504,
            0.0
          ],
          [
            73.4369178,
            18.7354931,
            0.0
          ],
          [
            73.437515,
            18.7354568,
            0.0
          ],
          [
            73.4379502,
            18.7354224,
            0.0
          ],
          [
            73.4384676,
            18.7353078,
            0.0
          ],
          [
            73.4389932,
            18.7351649,
            0.0
          ],
          [
            73.4398058,
            18.7348657,
            0.0
          ],
          [
            73.4414733,
            18.7342612,
            0.0
          ],
          [
            73.4421964,
            18.7339975,
            0.0
          ],
          [
            73.4426866,
            18.7338152,
            0.0
          ],
          [
            73.4432239,
            18.7336576,
            0.0
          ],
          [
            73.4437913,
            18.7335116,
            0.0
          ],
          [
            73.4439252,
            18.7334836,
            0.0
          ],
          [
            73.4443087,
            18.7334407,
            0.0
          ]
        ]
      }
    },
    {
      "type": "Feature",
      "id": 1509690008,
      "properties": {
        "name": "Mumbai - Pune Expressway",
        "ref": "MPE",
        "highway": "motorway",
        "bridge": "no",
        "tunnel": "no",
        "layer": "0",
        "lanes": "3",
        "maxspeed": "100",
        "oneway": "yes"
      },
      "geometry": {
        "type": "LineString",
        "coordinates": [
          [
            73.4301423,
            18.7440864,
            0.0
          ],
          [
            73.4296021,
            18.7414487,
            0.0
          ],
          [
            73.4292311,
            18.7396374,
            0.0
          ],
          [
            73.4291405,
            18.7391812,
            0.0
          ],
          [
            73.4291156,
            18.7387562,
            0.0
          ],
          [
            73.4291414,
            18.7383024,
            0.0
          ],
          [
            73.4292125,
            18.7379137,
            0.0
          ],
          [
            73.4293169,
            18.7375487,
            0.0
          ],
          [
            73.4294966,
            18.7371359,
            0.0
          ],
          [
            73.429719,
            18.7367527,
            0.0
          ],
          [
            73.4300008,
            18.7363885,
            0.0
          ],
          [
            73.4303356,
            18.7360733,
            0.0
          ],
          [
            73.4305999,
            18.7358662,
            0.0
          ],
          [
            73.4308395,
            18.735707,
            0.0
          ],
          [
            73.4312498,
            18.735514,
            0.0
          ],
          [
            73.431564,
            18.7353939,
            0.0
          ],
          [
            73.4319832,
            18.7352816,
            0.0
          ],
          [
            73.4320281,
            18.7352696,
            0.0
          ],
          [
            73.4321737,
            18.7352462,
            0.0
          ],
          [
            73.4322061,
            18.7352409,
            0.0
          ]
        ]
      }
    },
    {
      "type": "Feature",
      "id": 1509690009,
      "properties": {
        "name": "Mumbai - Pune Expressway",
        "ref": "MPE",
        "highway": "motorway",
        "bridge": "yes",
        "tunnel": "no",
        "layer": "1",
        "lanes": "3",
        "maxspeed": "100",
        "oneway": "yes"
      },
      "geometry": {
        "type": "LineString",
        "coordinates": [
          [
            73.4322061,
            18.7352409,
            0.0
          ],
          [
            73.4322765,
            18.7352296,
            0.0
          ]
        ]
      }
    },
    {
      "type": "Feature",
      "id": 1509690010,
      "properties": {
        "name": "Mumbai - Pune Expressway",
        "ref": "MPE",
        "highway": "motorway",
        "bridge": "no",
        "tunnel": "no",
        "layer": "0",
        "lanes": "3",
        "maxspeed": "100",
        "oneway": "yes"
      },
      "geometry": {
        "type": "LineString",
        "coordinates": [
          [
            73.4350428,
            18.7351053,
            0.0
          ],
          [
            73.4335032,
            18.7350296,
            0.0
          ],
          [
            73.4331509,
            18.7350157,
            0.0
          ],
          [
            73.4328942,
            18.7350055,
            0.0
          ],
          [
            73.4325747,
            18.7350216,
            0.0
          ],
          [
            73.4323734,
            18.7350317,
            0.0
          ],
          [
            73.4322708,
            18.7350482,
            0.0
          ]
        ]
      }
    },
    {
      "type": "Feature",
      "id": 1509690011,
      "properties": {
        "name": "Mumbai - Pune Expressway",
        "ref": "MPE",
        "highway": "motorway",
        "bridge": "yes",
        "tunnel": "no",
        "layer": "1",
        "lanes": "3",
        "maxspeed": "100",
        "oneway": "yes"
      },
      "geometry": {
        "type": "LineString",
        "coordinates": [
          [
            73.4322708,
            18.7350482,
            0.0
          ],
          [
            73.4322004,
            18.7350596,
            0.0
          ]
        ]
      }
    },
    {
      "type": "Feature",
      "id": 1530087238,
      "properties": {
        "name": "Mumbai - Pune Expressway",
        "ref": "MPE",
        "highway": "motorway",
        "bridge": "no",
        "tunnel": "no",
        "layer": "0",
        "lanes": "3",
        "maxspeed": "100",
        "oneway": "yes"
      },
      "geometry": {
        "type": "LineString",
        "coordinates": [
          [
            73.2832071,
            18.8049747,
            0.0
          ],
          [
            73.2836472,
            18.8042642,
            0.0
          ],
          [
            73.2843031,
            18.8029609,
            0.0
          ]
        ]
      }
    },
    {
      "type": "Feature",
      "id": 1530087239,
      "properties": {
        "name": "motorway_link",
        "ref": "",
        "highway": "motorway_link",
        "bridge": "no",
        "tunnel": "no",
        "layer": "0",
        "lanes": "2",
        "maxspeed": "60",
        "oneway": "yes"
      },
      "geometry": {
        "type": "LineString",
        "coordinates": [
          [
            73.2841705,
            18.8046579,
            0.0
          ],
          [
            73.2846074,
            18.8034465,
            0.0
          ],
          [
            73.2851795,
            18.8021213,
            0.0
          ]
        ]
      }
    },
    {
      "type": "Feature",
      "id": 1530087240,
      "properties": {
        "name": "Mumbai - Pune Expressway",
        "ref": "MPE",
        "highway": "motorway",
        "bridge": "no",
        "tunnel": "no",
        "layer": "0",
        "lanes": "3",
        "maxspeed": "100",
        "oneway": "yes"
      },
      "geometry": {
        "type": "LineString",
        "coordinates": [
          [
            73.2843031,
            18.8029609,
            0.0
          ],
          [
            73.2846706,
            18.8023596,
            0.0
          ],
          [
            73.2851876,
            18.8016187,
            0.0
          ],
          [
            73.2854953,
            18.8011492,
            0.0
          ],
          [
            73.286112,
            18.8000918,
            0.0
          ],
          [
            73.2862074,
            18.7999259,
            0.0
          ],
          [
            73.2862742,
            18.7998099,
            0.0
          ],
          [
            73.2866342,
            18.7992097,
            0.0
          ],
          [
            73.2877706,
            18.7974375,
            0.0
          ]
        ]
      }
    },
    {
      "type": "Feature",
      "id": 1530087241,
      "properties": {
        "name": "Mumbai - Pune Expressway",
        "ref": "MPE",
        "highway": "motorway",
        "bridge": "no",
        "tunnel": "no",
        "layer": "0",
        "lanes": "3",
        "maxspeed": "100",
        "oneway": "yes"
      },
      "geometry": {
        "type": "LineString",
        "coordinates": [
          [
            73.2877706,
            18.7974375,
            0.0
          ],
          [
            73.2883238,
            18.7965748,
            0.0
          ],
          [
            73.2884961,
            18.7963261,
            0.0
          ],
          [
            73.2886446,
            18.7961377,
            0.0
          ],
          [
            73.2887951,
            18.7959467,
            0.0
          ],
          [
            73.2892143,
            18.7954936,
            0.0
          ],
          [
            73.2895703,
            18.7951758,
            0.0
          ],
          [
            73.2899428,
            18.7948858,
            0.0
          ]
        ]
      }
    },
    {
      "type": "Feature",
      "id": 1530087243,
      "properties": {
        "name": "NH548A",
        "ref": "NH548A",
        "highway": "trunk",
        "bridge": "no",
        "tunnel": "no",
        "layer": "0",
        "lanes": "2",
        "maxspeed": "60",
        "oneway": "no"
      },
      "geometry": {
        "type": "LineString",
        "coordinates": [
          [
            73.2882811,
            18.7941618,
            0.0
          ],
          [
            73.2883706,
            18.7939822,
            0.0
          ],
          [
            73.2884435,
            18.7938359,
            0.0
          ]
        ]
      }
    },
    {
      "type": "Feature",
      "id": 1530087244,
      "properties": {
        "name": "NH548A",
        "ref": "NH548A",
        "highway": "trunk",
        "bridge": "no",
        "tunnel": "no",
        "layer": "0",
        "lanes": "2",
        "maxspeed": "60",
        "oneway": "no"
      },
      "geometry": {
        "type": "LineString",
        "coordinates": [
          [
            73.2837801,
            18.7567189,
            0.0
          ],
          [
            73.2838592,
            18.7563495,
            0.0
          ],
          [
            73.2838765,
            18.7561055,
            0.0
          ],
          [
            73.2838806,
            18.7560473,
            0.0
          ],
          [
            73.2838377,
            18.7557095,
            0.0
          ],
          [
            73.2837206,
            18.7553786,
            0.0
          ],
          [
            73.283426,
            18.7548078,
            0.0
          ],
          [
            73.2833577,
            18.7545898,
            0.0
          ],
          [
            73.2833362,
            18.7544421,
            0.0
          ],
          [
            73.2834046,
            18.7537881,
            0.0
          ],
          [
            73.2834341,
            18.7536726,
            0.0
          ],
          [
            73.2836674,
            18.7533081,
            0.0
          ],
          [
            73.2838511,
            18.7530478,
            0.0
          ],
          [
            73.2839786,
            18.7527963,
            0.0
          ],
          [
            73.2840639,
            18.7524771,
            0.0
          ],
          [
            73.2840939,
            18.7522528,
            0.0
          ],
          [
            73.284118,
            18.7511848,
            0.0
          ],
          [
            73.2841462,
            18.7509753,
            0.0
          ],
          [
            73.2842106,
            18.7507479,
            0.0
          ],
          [
            73.2844576,
            18.7501982,
            0.0
          ],
          [
            73.2847849,
            18.7494699,
            0.0
          ],
          [
            73.2851225,
            18.7483922,
            0.0
          ],
          [
            73.2852999,
            18.7480638,
            0.0
          ],
          [
            73.2856107,
            18.7477547,
            0.0
          ],
          [
            73.2861794,
            18.7473067,
            0.0
          ],
          [
            73.2867908,
            18.7468251,
            0.0
          ],
          [
            73.287102,
            18.7464873,
            0.0
          ],
          [
            73.2873166,
            18.7462003,
            0.0
          ],
          [
            73.2876196,
            18.7456212,
            0.0
          ],
          [
            73.2878691,
            18.7450167,
            0.0
          ],
          [
            73.2879978,
            18.744468,
            0.0
          ],
          [
            73.2880465,
            18.7440812,
            0.0
          ],
          [
            73.2882313,
            18.7427499,
            0.0
          ],
          [
            73.2882439,
            18.7426588,
            0.0
          ],
          [
            73.2882986,
            18.7422367,
            0.0
          ],
          [
            73.28842,
            18.7413,
            0.0
          ],
          [
            73.2887708,
            18.7402679,
            0.0
          ],
          [
            73.288913,
            18.7398494,
            0.0
          ],
          [
            73.2894112,
            18.7383835,
            0.0
          ],
          [
            73.2897545,
            18.7373675,
            0.0
          ],
          [
            73.2906729,
            18.7357987,
            0.0
          ],
          [
            73.2915681,
            18.7338132,
            0.0
          ],
          [
            73.2916771,
            18.7335716,
            0.0
          ],
          [
            73.2923037,
            18.7317021,
            0.0
          ],
          [
            73.2923822,
            18.7313766,
            0.0
          ],
          [
            73.2926213,
            18.7303852,
            0.0
          ],
          [
            73.2927758,
            18.7296699,
            0.0
          ],
          [
            73.2928647,
            18.7293979,
            0.0
          ],
          [
            73.2930189,
            18.7291997,
            0.0
          ],
          [
            73.2931691,
            18.7291108,
            0.0
          ],
          [
            73.2933703,
            18.7290702,
            0.0
          ],
          [
            73.2942125,
            18.7290753,
            0.0
          ],
          [
            73.294706,
            18.728994,
            0.0
          ],
          [
            73.295162,
            18.728872,
            0.0
          ],
          [
            73.2954302,
            18.7287476,
            0.0
          ],
          [
            73.295618,
            18.7285799,
            0.0
          ],
          [
            73.2957369,
            18.7283856,
            0.0
          ],
          [
            73.2958218,
            18.7281151,
            0.0
          ],
          [
            73.2961276,
            18.7268653,
            0.0
          ],
          [
            73.2964522,
            18.7260804,
            0.0
          ],
          [
            73.2972032,
            18.7247213,
            0.0
          ],
          [
            73.2973266,
            18.7245613,
            0.0
          ],
          [
            73.29802,
            18.723923,
            0.0
          ],
          [
            73.2989813,
            18.723167,
            0.0
          ],
          [
            73.299239,
            18.7228873,
            0.0
          ],
          [
            73.299424,
            18.7226332,
            0.0
          ],
          [
            73.2997057,
            18.7220439,
            0.0
          ],
          [
            73.300041,
            18.7212843,
            0.0
          ],
          [
            73.3000946,
            18.7210887,
            0.0
          ],
          [
            73.3001751,
            18.7203012,
            0.0
          ],
          [
            73.3001858,
            18.7201082,
            0.0
          ],
          [
            73.3001818,
            18.7199621,
            0.0
          ],
          [
            73.3001314,
            18.7196715,
            0.0
          ],
          [
            73.3001214,
            18.71959,
            0.0
          ],
          [
            73.3001295,
            18.7194629,
            0.0
          ],
          [
            73.3002877,
            18.7183477,
            0.0
          ],
          [
            73.3003889,
            18.7180701,
            0.0
          ],
          [
            73.3008181,
            18.7172978,
            0.0
          ],
          [
            73.3008684,
            18.7171487,
            0.0
          ],
          [
            73.3008711,
            18.7170128,
            0.0
          ],
          [
            73.3008403,
            18.7169042,
            0.0
          ],
          [
            73.3007853,
            18.7168216,
            0.0
          ],
          [
            73.3007142,
            18.716774,
            0.0
          ],
          [
            73.3005694,
            18.7167143,
            0.0
          ],
          [
            73.3004124,
            18.7166927,
            0.0
          ],
          [
            73.3001979,
            18.7166495,
            0.0
          ],
          [
            73.3000799,
            18.7166,
            0.0
          ],
          [
            73.2999927,
            18.7165301,
            0.0
          ],
          [
            73.2999444,
            18.7164374,
            0.0
          ],
          [
            73.2999042,
            18.7162723,
            0.0
          ],
          [
            73.299931,
            18.7160944,
            0.0
          ],
          [
            73.3000047,
            18.7159433,
            0.0
          ],
          [
            73.3009207,
            18.7147506,
            0.0
          ],
          [
            73.3011442,
            18.714412,
            0.0
          ],
          [
            73.3017107,
            18.713217,
            0.0
          ],
          [
            73.3017361,
            18.7130942,
            0.0
          ],
          [
            73.3017435,
            18.7129807,
            0.0
          ]
        ]
      }
    }
  ]
}